user_id,age,registration_days,total_spend,city,income,outlier_category,age_scaled,income_scaled,total_spend_scaled,city_上海,city_北京,city_广州,city_深圳
1,23.0,138,2986.17,深圳,4448689.835,normal,-1.4527430595442663,-0.2218952763354551,0.10733232964684895,0.0,0.0,0.0,1.0
2,65.0,214,3596.53,深圳,4448689.835,normal,0.9597118827729187,-0.2218952763354551,0.20897609312789575,0.0,0.0,0.0,1.0
3,58.0,267,395.19,北京,3611409.64,normal,0.5576360590533879,-0.5477509170631304,-0.3241457460857065,0.0,1.0,0.0,0.0
4,45.0,30,170.74,广州,4859337.36,normal,-0.18907618499716936,-0.062078033348943025,-0.3615235931158542,0.0,0.0,1.0,0.0
5,44.0,103,1210.8,广州,3600146.88,normal,-0.24651558838567375,-0.552134197472817,-0.18832152770184035,0.0,0.0,1.0,0.0
6,71.0,51,2781.76,上海,2875981.64,normal,1.3043483031039451,-0.8339673635766811,0.07329176064960019,1.0,0.0,0.0,0.0
7,23.0,171,6618.3,广州,4118287.21,normal,-1.4527430595442663,-0.3504825279035886,0.71219398940898,0.0,0.0,1.0,0.0
8,61.0,22,1837.75,上海,2829925.55,normal,0.729954269218901,-0.8518916340968522,-0.08391501758577398,1.0,0.0,0.0,0.0
9,30.0,6,756.18,上海,5775607.54,normal,-1.0506672358247353,0.2945192065792776,-0.2640297781667357,1.0,0.0,0.0,0.0
10,23.0,36,448.93,上海,2765446.14,normal,-1.4527430595442663,-0.8769859568633096,-0.3151963787459866,1.0,0.0,0.0,0.0
11,48.0,7,1109.26,深圳,7016280.49,normal,-0.016757974831656152,0.7773686534788847,-0.20523106919188802,0.0,0.0,0.0,1.0
12,78.0,47,813.0,广州,2722376.43,normal,1.7064241268234759,-0.8937479775486372,-0.25456749583992344,0.0,0.0,1.0,0.0
13,63.0,49,397.4,上海,3702829.52,normal,0.8448330759959098,-0.5121718077631103,-0.32377771292938384,1.0,0.0,0.0,0.0
14,65.0,11,8507.94,深圳,3596434.78,normal,0.9597118827729187,-0.5535788855607101,1.026877325840472,0.0,0.0,0.0,1.0
15,62.0,309,6536.57,深圳,4448689.835,normal,0.7873936726074054,-0.2218952763354551,0.6985834238586395,0.0,0.0,0.0,1.0
16,66.0,30,3415.4,深圳,5797284.94,normal,1.0171512861614231,0.3029556930846227,0.17881236208503248,0.0,0.0,0.0,1.0
17,49.0,120,436.66,广州,4421052.63,normal,0.040681428556848254,-0.23265122063818297,-0.3172397121523573,0.0,0.0,1.0,0.0
18,25.0,20,2578.64,上海,6306648.8,normal,-1.3378642527672575,0.5011917053001294,0.039466016435906213,1.0,0.0,0.0,0.0
19,70.0,51,2078.97,深圳,1713689.33,normal,1.2469088997154407,-1.2863123582984302,-0.04374444836941301,0.0,0.0,0.0,1.0
20,45.0,9,1707.09,上海,4809907.85,normal,-0.18907618499716936,-0.08131518328762666,-0.1056739371356029,1.0,0.0,0.0,0.0
21,49.0,12,3826.34,上海,13343132.19,normal,0.040681428556848254,3.2396749719658304,0.2472465454602559,1.0,0.0,0.0,0.0
22,40.0,1,2070.14,上海,5250997.06,normal,-0.47627320193969136,0.09034946135694677,-0.04521491568630409,1.0,0.0,0.0,0.0
23,29.0,162,2298.51,深圳,5084523.44,normal,-1.1081066392132397,0.02556067448094132,-0.007184267763493477,0.0,0.0,0.0,1.0
24,75.0,36,2073.32,广州,6464391.66,normal,1.5341059166579627,0.5625826244004146,-0.04468534761521529,0.0,0.0,1.0,0.0
25,66.0,69,1541.93,上海,7690973.3,normal,1.0171512861614231,1.0399479658880426,-0.13317817066422483,1.0,0.0,0.0,0.0
26,57.0,87,184.27,上海,1810334.03,normal,0.5001966556648835,-1.248699835239248,-0.3592704308511276,1.0,0.0,0.0,0.0
27,42.0,18,1192.28,上海,2119290.75,normal,-0.36139439516268257,-1.128458976141033,-0.19140567885799245,1.0,0.0,0.0,0.0
28,69.0,293,628.8,广州,4765044.59,normal,1.1894694963269363,-0.09877522404785533,-0.2852424765614793,0.0,0.0,1.0,0.0
29,51.0,55,304.95,上海,3437713.05,normal,0.15556023533385704,-0.6153507647182662,-0.3391734890841495,1.0,0.0,0.0,0.0
30,45.0,8,5894.75,广州,9471216.45,normal,-0.18907618499716936,1.732789234269298,0.5917006001522933,0.0,0.0,1.0,0.0
31,45.0,11,6179.52,上海,4198206.99,normal,-0.18907618499716936,-0.3193790678262665,0.6391235874491308,1.0,0.0,0.0,0.0
32,32.0,50,4269.37,上海,1868207.38,normal,-0.9357884290477266,-1.2261764820560201,0.3210247034899566,1.0,0.0,0.0,0.0
33,23.0,13,1415.47,深圳,2607098.1,normal,-1.4527430595442663,-0.9386124020369848,-0.15423766068620065,0.0,0.0,0.0,1.0
34,52.0,33,4232.83,上海,1242849.48,normal,0.21299963872236147,-1.4695554612860418,0.31493966659763495,1.0,0.0,0.0,0.0
35,73.0,74,1109.93,北京,4371831.17,normal,1.419227109880954,-0.25180740094870807,-0.20511949352911144,0.0,1.0,0.0,0.0
36,21.0,4,1343.18,上海,4472970.18,normal,-1.567621866321275,-0.2124457665724015,-0.1662761751072716,1.0,0.0,0.0,0.0
37,71.0,36,367.43,广州,3974954.76,normal,1.3043483031039451,-0.40626515313553685,-0.32876864220313534,0.0,0.0,1.0,0.0
38,69.0,157,1631.07,北京,8429051.41,normal,1.1894694963269363,1.3271957914993027,-0.11833361158974337,0.0,1.0,0.0,0.0
39,35.0,7,1164.89,上海,8948667.51,normal,-0.7634702188822133,1.5294218064093001,-0.1959669585646342,1.0,0.0,0.0,0.0
40,57.0,97,298.08,北京,4513398.91,normal,0.5001966556648835,-0.19671157173938464,-0.3403175559547092,0.0,1.0,0.0,0.0
41,28.0,5,1041.9,广州,1690286.24,normal,-1.165546042601744,-1.2954204548860455,-0.21644858657193145,0.0,0.0,1.0,0.0
42,65.0,268,1012.59,广州,4765044.59,normal,0.9597118827729187,-0.09877522404785533,-0.22132960549130604,0.0,0.0,1.0,0.0
43,61.0,25,6618.08,深圳,6487808.73,normal,0.729954269218901,0.5716961617734262,0.7121573526241879,0.0,0.0,0.0,1.0
44,39.0,25,2681.72,上海,5737023.41,normal,-0.5337126053281958,0.2795028996390784,0.056632015419499984,1.0,0.0,0.0,0.0
45,22.0,109,1109.26,深圳,8028394.7,normal,-1.5101824629327707,1.1712668089095586,-0.20523106919188802,0.0,0.0,0.0,1.0
46,78.0,226,1406.4,北京,2745136.15,normal,1.7064241268234759,-0.8848902699524575,-0.15574809540468335,0.0,1.0,0.0,0.0
47,48.0,319,1146.21,深圳,13418339.81,normal,-0.016757974831656152,3.268944537099524,-0.19907775465518068,0.0,0.0,0.0,1.0
48,73.0,138,895.23,广州,3042047.61,normal,1.419227109880954,-0.769337227356377,-0.24087366486960024,0.0,0.0,1.0,0.0
49,48.0,173,371.51,深圳,7148168.6,normal,-0.016757974831656152,0.828697330360358,-0.3280891963760781,0.0,0.0,0.0,1.0
50,66.0,110,942.89,深圳,2113976.72,normal,1.0171512861614231,-1.1305271089606515,-0.23293680503686764,0.0,0.0,0.0,1.0
51,65.0,19,520.04,广州,3086730.31,normal,0.9597118827729187,-0.7519474575697614,-0.30335437071607435,0.0,0.0,1.0,0.0
52,30.0,117,314.09,上海,10490069.46,normal,-1.0506672358247353,2.1293100195016197,-0.33765139720686926,1.0,0.0,0.0,0.0
53,40.0,17,1828.45,广州,4313694.85,normal,-0.47627320193969136,-0.274433097718174,-0.08546375439744862,0.0,0.0,1.0,0.0
54,46.0,99,1621.76,深圳,7479799.78,normal,-0.13163678160866496,0.9577627152691403,-0.11988401370981765,0.0,0.0,0.0,1.0
55,48.0,77,183.7,深圳,5532957.13,normal,-0.016757974831656152,0.20008366959230375,-0.35936535342990766,0.0,0.0,0.0,1.0
56,20.0,36,970.02,深圳,4663497.22,normal,-1.6250612697097795,-0.13829578540015192,-0.22841882334861674,0.0,0.0,0.0,1.0
57,51.0,71,2968.17,北京,4781210.09,normal,0.15556023533385704,-0.09248387810220898,0.10433477452747868,0.0,1.0,0.0,0.0
58,27.0,90,65814.15,广州,4366297.12,VIP,-1.2229854459902487,-0.2539611619230363,10.570128612352033,0.0,0.0,1.0,0.0
59,64.0,23,3058.98,北京,2017533.38,normal,0.9022724793844142,-1.1680612660293221,0.1194574401047017,0.0,1.0,0.0,0.0
60,60.0,42,1140.15,广州,4765044.59,normal,0.6725148658303967,-0.09877522404785533,-0.20008693154536866,0.0,0.0,1.0,0.0
61,75.0,42,471.05,深圳,6474300.59,normal,1.5341059166579627,0.566439016505898,-0.31151271656596047,0.0,0.0,0.0,1.0
62,64.0,11,371.04,北京,5989448.12,normal,0.9022724793844142,0.3777424329562944,-0.32816746587086165,0.0,1.0,0.0,0.0
63,40.0,29,1547.82,广州,2245022.62,normal,-0.47627320193969136,-1.0795262063186932,-0.13219730401683089,0.0,0.0,1.0,0.0
64,77.0,103,1602.44,深圳,4448689.835,normal,1.6489847234349715,-0.2218952763354551,-0.12310138953794174,0.0,0.0,0.0,1.0
65,43.0,120,3973.22,深圳,3674378.66,normal,-0.3039549917741782,-0.5232444131703758,0.2717065952343173,0.0,0.0,0.0,1.0
66,38.0,57,3294.4,上海,4093948.57,normal,-0.5911520087167002,-0.3599547251190503,0.15866213044926564,1.0,0.0,0.0,0.0
67,74.0,60,960.8,北京,2470172.35,normal,1.4766665132694583,-0.9919016453092057,-0.2299542376930942,0.0,1.0,0.0,0.0
68,40.0,40,316.02,深圳,3589666.02,normal,-0.47627320193969136,-0.5562131753001583,-0.33732999268573677,0.0,0.0,0.0,1.0
69,22.0,117,797.03,深圳,3414187.28,normal,-1.5101824629327707,-0.6245066063382414,-0.25722699335416477,0.0,0.0,0.0,1.0
70,47.0,41,1362.71,广州,7228354.02,normal,-0.07419737822016055,0.8599041731438753,-0.16302382780275487,0.0,0.0,1.0,0.0
71,67.0,96,895.98,深圳,4448689.835,normal,1.0745906895499275,-0.2218952763354551,-0.24074876673962647,0.0,0.0,0.0,1.0
72,29.0,64,615.3,北京,4781210.09,normal,-1.1081066392132397,-0.09248387810220898,-0.287490642901007,0.0,1.0,0.0,0.0
73,46.0,60,1412.17,广州,4039919.73,normal,-0.13163678160866496,-0.38098185842652454,-0.15478721245808522,0.0,0.0,1.0,0.0
74,26.0,287,662.51,北京,5270930.31,normal,-1.2804248493787531,0.09810715345252409,-0.2796287219462586,0.0,1.0,0.0,0.0
75,60.0,214,585.19,深圳,3267277.82,normal,0.6725148658303967,-0.6816813448584291,-0.2925048864923536,0.0,0.0,0.0,1.0
76,47.0,95,1497.35,广州,2769948.37,normal,-0.07419737822016055,-0.8752337632128275,-0.14060211550986523,0.0,0.0,1.0,0.0
77,38.0,119,733.63,深圳,3071401.94,normal,-0.5911520087167002,-0.7579130063280967,-0.2677850486079467,0.0,0.0,0.0,1.0
78,32.0,15,1399.83,广州,3578122.2,normal,-0.9357884290477266,-0.5607058396256831,-0.15684220302325352,0.0,0.0,1.0,0.0
79,52.0,46,1441.16,北京,2746995.64,normal,0.21299963872236147,-0.8841665871172546,-0.1499594834074994,0.0,1.0,0.0,0.0
80,59.0,130,350.92,北京,5329591.0,normal,0.6150754624418923,0.12093692637636314,-0.33151806637095776,0.0,1.0,0.0,0.0
81,76.0,102,677.74,上海,7078786.95,normal,1.591545320046467,0.8016951366496933,-0.27709245725359144,1.0,0.0,0.0,0.0
82,45.0,24,4618.28,广州,2222639.76,normal,-0.18907618499716936,-1.0882372462192822,0.3791289788621501,0.0,0.0,1.0,0.0
83,27.0,311,343.07,北京,4976909.3,normal,-1.2229854459902487,-0.016320973682321344,-0.3328253334646831,0.0,1.0,0.0,0.0
84,69.0,4,132.07,深圳,4402959.04,normal,1.1894694963269363,-0.2396929474074562,-0.36796334069730136,0.0,0.0,0.0,1.0
85,57.0,111,170.4,北京,5829895.43,normal,0.5001966556648835,0.315647157873651,-0.3615802136014423,0.0,1.0,0.0,0.0
86,61.0,10,1129.03,上海,4883075.94,normal,0.729954269218901,-0.05283936958732711,-0.20193875448577966,1.0,0.0,0.0,0.0
87,24.0,246,1131.07,北京,4781210.09,normal,-1.395303656155762,-0.09248387810220898,-0.20159903157225104,0.0,1.0,0.0,0.0
88,37.0,9,974.95,上海,2614440.38,normal,-0.6485914121052045,-0.9357549077739061,-0.2275978263075892,1.0,0.0,0.0,0.0
89,65.0,155,3692.98,上海,4209517.54,normal,0.9597118827729187,-0.3149771883368892,0.22503799264252144,1.0,0.0,0.0,0.0
90,69.0,18,75.73,北京,8220534.09,normal,1.1894694963269363,1.246044290105653,-0.37734568822093034,0.0,1.0,0.0,0.0
91,44.0,454,1629.35,广州,1624420.34,normal,-0.24651558838567375,-1.3210543766899705,-0.1186200446344832,0.0,0.0,1.0,0.0
92,67.0,58,5226.19,深圳,5842203.35,normal,1.0745906895499275,0.3204371973151368,0.48036474178528255,0.0,0.0,0.0,1.0
93,70.0,117,355.04,深圳,8908944.07,normal,1.2469088997154407,1.513962098810332,-0.3308319593103019,0.0,0.0,0.0,1.0
94,42.0,98,750.09,上海,4209517.54,normal,-0.36139439516268257,-0.3149771883368892,-0.2650439509821226,1.0,0.0,0.0,0.0
95,73.0,67,516.52,深圳,6471099.09,normal,1.419227109880954,0.5651930455155181,-0.3039405592727512,0.0,0.0,0.0,1.0
96,35.0,144,448.39,深圳,3458068.45,normal,-0.7634702188822133,-0.6074287788061687,-0.3152863053995677,0.0,0.0,0.0,1.0
97,32.0,74,791.35,深圳,4630022.01,normal,-0.9357884290477266,-0.15132378494938703,-0.25817288852516607,0.0,0.0,0.0,1.0
98,60.0,274,4570.99,上海,2185376.14,normal,0.6725148658303967,-1.1027396324496557,0.3712537354402045,1.0,0.0,0.0,0.0
99,57.0,6,6886.97,深圳,1522072.76,normal,0.5001966556648835,-1.3608863665745838,0.7569358301823808,0.0,0.0,0.0,1.0
100,26.0,536,783.73,广州,4765044.59,normal,-1.2804248493787531,-0.09877522404785533,-0.25944185352569943,0.0,0.0,1.0,0.0
101,69.0,83,7369.17,北京,3003406.84,normal,1.1894694963269363,-0.784375577650284,0.8372370012135113,0.0,1.0,0.0,0.0
102,30.0,29,1136.35,上海,3913690.53,normal,-1.0506672358247353,-0.43010818088126973,-0.20071974873723578,1.0,0.0,0.0,0.0
103,67.0,59,6334.02,广州,2457202.71,normal,1.0745906895499275,-0.9969492152594388,0.6648526022237257,0.0,0.0,1.0,0.0
104,18.0,124,998.95,北京,2428466.21,normal,-1.7399400764867883,-1.0081329870429943,-0.22360108614842886,0.0,1.0,0.0,0.0
105,67.0,100,1250.2,上海,4505621.64,normal,1.0745906895499275,-0.19973835693518435,-0.18176021260721875,1.0,0.0,0.0,0.0
106,66.0,209,1580.47,深圳,3412537.41,normal,1.0171512861614231,-0.6251487085271834,-0.12676007209197312,0.0,0.0,0.0,1.0
107,66.0,228,26340.26,北京,5937155.94,normal,1.0171512861614231,0.3573911790741375,3.996508553965414,0.0,1.0,0.0,0.0
108,59.0,95,2569.03,上海,6162693.45,normal,0.6150754624418923,0.4451666576630875,0.03786565506384247,1.0,0.0,0.0,0.0
109,47.0,157,540.63,北京,5769985.37,normal,-0.07419737822016055,0.2923311507545129,-0.29992550072119467,0.0,1.0,0.0,0.0
110,61.0,67,2889.96,广州,5537510.97,normal,0.729954269218901,0.20185594900346462,0.09131039753381481,0.0,0.0,1.0,0.0
111,35.0,12,763.69,北京,10817106.58,normal,-0.7634702188822133,2.2565874720386803,-0.26277913155859833,0.0,1.0,0.0,0.0
112,66.0,54,671.99,深圳,2881894.34,normal,1.0171512861614231,-0.8316662382682886,-0.27805000958339027,0.0,0.0,0.0,1.0
113,52.0,29,2720.58,北京,4781609.89,normal,0.21299963872236147,-0.09232828253701965,0.0631034038605405,0.0,1.0,0.0,0.0
114,46.0,197,1131.26,深圳,4448689.835,normal,-0.13163678160866496,-0.2218952763354551,-0.20156739071265767,0.0,0.0,0.0,1.0
115,49.0,23,1448.92,深圳,9248992.49,normal,0.040681428556848254,1.6463033346824327,-0.1486672040893709,0.0,0.0,0.0,1.0
116,53.0,127,1112.08,深圳,4448689.835,normal,0.2704390421108659,-0.2218952763354551,-0.20476145222318667,0.0,0.0,0.0,1.0
117,20.0,227,1535.46,深圳,4204128.42,normal,-1.6250612697097795,-0.3170745449458776,-0.13425562519879847,0.0,0.0,0.0,1.0
118,26.0,13,1677.34,北京,9692043.28,normal,-1.2804248493787531,1.8187313939062062,-0.1106282296245621,0.0,1.0,0.0,0.0
119,33.0,95,158.07,深圳,6336232.02,normal,-0.8783490256592222,0.5127050065408062,-0.3636335388582109,0.0,0.0,0.0,1.0
120,25.0,261,2135.75,广州,5418810.01,normal,-1.3378642527672575,0.15565949337633714,-0.03428882727619941,0.0,0.0,1.0,0.0
121,48.0,52,410.75,深圳,4407917.58,normal,-0.016757974831656152,-0.23776316543193268,-0.3215545262158509,0.0,0.0,0.0,1.0
122,59.0,49,259.23,深圳,4056596.24,normal,0.6150754624418923,-0.3744916358181281,-0.34678727908735,0.0,0.0,0.0,1.0
123,58.0,66,1034.41,广州,5676610.16,normal,0.5576360590533879,0.25599105927219706,-0.2176959025632694,0.0,0.0,1.0,0.0
124,47.0,21,1192.71,上海,4332122.72,normal,-0.07419737822016055,-0.2672612746869409,-0.1913340705968075,1.0,0.0,0.0,0.0
125,71.0,18,548.12,北京,4811242.71,normal,1.3043483031039451,-0.08079567779450812,-0.29867818472985674,0.0,1.0,0.0,0.0
126,53.0,311,2517.53,北京,4781210.09,normal,0.2704390421108659,-0.09248387810220898,0.029289316805644183,0.0,1.0,0.0,0.0
127,22.0,240,286.52,上海,3501561.31,normal,-1.5101824629327707,-0.5905020751208164,-0.34224265246470476,1.0,0.0,0.0,0.0
129,53.0,32,611.02,广州,21101983.59,normal,0.2704390421108659,6.2592919524651975,-0.2882033948960573,0.0,0.0,1.0,0.0
130,57.0,134,1046.72,上海,2021321.29,normal,0.5001966556648835,-1.1665870739399358,-0.21564590792330007,1.0,0.0,0.0,0.0
131,53.0,435,1449.34,北京,4781210.09,normal,0.2704390421108659,-0.09248387810220898,-0.1485972611365856,0.0,1.0,0.0,0.0
132,52.0,217,400.26,广州,3360701.31,normal,0.21299963872236147,-0.645322463596505,-0.3233014347270839,0.0,0.0,1.0,0.0
133,23.0,49,2262.63,广州,6559707.48,normal,-1.4527430595442663,0.5996779692838367,-0.013159394301438245,0.0,0.0,1.0,0.0
134,48.0,66,1167.95,深圳,5030520.5,normal,-0.016757974831656152,0.004543621026239285,-0.19545737419434125,0.0,0.0,0.0,1.0
135,67.0,110,165.35,广州,7193458.76,normal,1.0745906895499275,0.8463235135587543,-0.36242119434326564,0.0,0.0,1.0,0.0
136,36.0,75,154.69,广州,4765044.59,normal,-0.7060308154937089,-0.09877522404785533,-0.3641964130972927,0.0,0.0,1.0,0.0
137,55.0,32,1083.21,深圳,5411115.59,normal,0.3853178488878747,0.1526649520339042,-0.20956919757297665,0.0,0.0,0.0,1.0
138,19.0,32,879.22,上海,8656157.05,normal,-1.6825006730982839,1.4155815604175188,-0.24353982361744014,1.0,0.0,0.0,0.0
139,39.0,108,988.89,深圳,4448689.835,normal,-0.5337126053281958,-0.2218952763354551,-0.22527638639847694,0.0,0.0,0.0,1.0
140,48.0,349,1066.37,上海,10885927.17,normal,-0.016757974831656152,2.2833713104521833,-0.21237357691798753,1.0,0.0,0.0,0.0
141,78.0,19,1374.11,北京,5928527.08,normal,1.7064241268234759,0.35403296909754833,-0.16112537622715373,0.0,1.0,0.0,0.0
142,31.0,119,2828.92,上海,8424687.63,normal,-0.993227832436231,1.32549748030505,0.0811453550623503,1.0,0.0,0.0,0.0
143,35.0,262,361.01,北京,4781210.09,normal,-0.7634702188822133,-0.09248387810220898,-0.32983777019571076,0.0,1.0,0.0,0.0
144,43.0,1,339.69,北京,3244170.78,normal,-0.3039549917741782,-0.6906742236694705,-0.33338820770376487,0.0,1.0,0.0,0.0
145,79.0,55,367.48,深圳,5286803.81,normal,1.7638635302119803,0.10428485781479048,-0.3287603156611371,0.0,0.0,0.0,1.0
146,70.0,135,1463.98,深圳,4873078.03,normal,1.2469088997154407,-0.056730391241061176,-0.14615924963949778,0.0,0.0,0.0,1.0
147,20.0,227,3808.34,北京,4781210.09,normal,-1.6250612697097795,-0.09248387810220898,0.24424899034088562,0.0,1.0,0.0,0.0
148,32.0,282,712.41,深圳,8452838.49,normal,-0.9357884290477266,1.3364533306608977,-0.2713188330320044,0.0,0.0,0.0,1.0
149,68.0,33,89.86,北京,2033248.1,normal,1.132030092938432,-1.161945356223936,-0.3749926074522246,0.0,1.0,0.0,0.0
150,21.0,7,199.54,上海,7997702.05,normal,-1.567621866321275,1.1593217358132335,-0.35672750492486177,1.0,0.0,0.0,0.0
151,71.0,34,476.74,广州,4935162.87,normal,1.3043483031039451,-0.0325679956195152,-0.31056515608655955,0.0,0.0,1.0,0.0
152,35.0,81,627.83,上海,4438665.6,normal,-0.7634702188822133,-0.22579654324495116,-0.2854040114762454,1.0,0.0,0.0,0.0
153,74.0,26,728.95,广州,2355344.74,normal,1.4766665132694583,-1.036590657008303,-0.268564412938983,0.0,0.0,1.0,0.0
154,36.0,43,1139.77,深圳,6320315.04,normal,-0.7060308154937089,0.5065103804797545,-0.2001502132645554,0.0,0.0,0.0,1.0
155,44.0,142,802.92,北京,1469894.74,normal,-0.24651558838567375,-1.381193191267841,-0.2562461267067708,0.0,1.0,0.0,0.0
156,59.0,2,3131.73,北京,6796730.76,normal,0.6150754624418923,0.691923520095862,0.1315725587121566,0.0,1.0,0.0,0.0
157,25.0,178,557.79,深圳,2330753.96,normal,-1.3378642527672575,-1.0461609829526464,-0.297067831507395,0.0,0.0,0.0,1.0
158,48.0,2,462.98,广州,5047906.88,normal,-0.016757974831656152,0.011310113329135335,-0.31285662044447815,0.0,0.0,1.0,0.0
159,49.0,96,1770.25,广州,4630478.93,normal,0.040681428556848254,-0.1511459592224077,-0.09515584928341252,0.0,0.0,1.0,0.0
160,66.0,6,236.12,上海,8819928.78,normal,1.0171512861614231,1.4793188162739401,-0.3506358067989415,1.0,0.0,0.0,0.0
161,79.0,32,1619.21,上海,4494781.86,normal,1.7638635302119803,-0.20395702050604167,-0.12030866735172843,1.0,0.0,0.0,0.0
162,59.0,58,1215.07,广州,3473544.15,normal,0.6150754624418923,-0.6014058916420825,-0.18761044101518976,0.0,0.0,1.0,0.0
163,43.0,218,946.3,广州,3815010.33,normal,-0.3039549917741782,-0.46851288696432125,-0.23236893487258692,0.0,0.0,1.0,0.0
164,43.0,22,5368.35,北京,9287655.06,normal,-0.3039549917741782,1.661350169176743,0.5040387659947092,0.0,1.0,0.0,0.0
165,43.0,389,588.63,广州,6426263.12,normal,-0.3039549917741782,0.5477436255731334,-0.2919320204028739,0.0,0.0,1.0,0.0
166,68.0,218,8606.72,广州,4765044.59,normal,1.132030092938432,-0.09877522404785533,1.043327242212216,0.0,0.0,1.0,0.0
167,37.0,8,875.3,北京,4366760.85,normal,-0.6485914121052045,-0.25378068585638996,-0.244192624510103,0.0,1.0,0.0,0.0
168,28.0,1,305.82,上海,2244889.22,normal,-1.165546042601744,-1.0795781233982236,-0.33902860725337997,1.0,0.0,0.0,0.0
169,38.0,17,1176.05,深圳,5968417.53,normal,-0.5911520087167002,0.3695576742336412,-0.19410847439062465,0.0,0.0,0.0,1.0
170,19.0,97,373.81,广州,4765044.59,normal,-1.6825006730982839,-0.09877522404785533,-0.32770617544415853,0.0,0.0,1.0,0.0
171,24.0,617,517.1,北京,4781210.09,normal,-1.395303656155762,-0.09248387810220898,-0.3038439713855715,0.0,1.0,0.0,0.0
172,23.0,36,1631.14,北京,5241226.4,normal,-1.4527430595442663,0.08654688165466203,-0.11832195443094579,0.0,1.0,0.0,0.0
173,65.0,140,1911.38,广州,16211496.01,normal,0.9597118827729187,4.3559948562623685,-0.07165335183914989,0.0,0.0,1.0,0.0
174,62.0,8,588.65,上海,2835382.77,normal,0.7873936726074054,-0.849767774091192,-0.2919286897860746,1.0,0.0,0.0,0.0
175,61.0,156,2943.65,深圳,4448689.835,normal,0.729954269218901,-0.2218952763354551,0.1002514383315365,0.0,0.0,0.0,1.0
176,46.0,199,3489.48,广州,12078035.7,normal,-0.13163678160866496,2.7473202861712105,0.19114896670964082,0.0,0.0,1.0,0.0
177,62.0,222,4611.47,深圳,8916821.43,normal,0.7873936726074054,1.5170278373831192,0.3779949038419884,0.0,0.0,0.0,1.0
178,27.0,225,1862.01,北京,3469944.83,normal,-1.2229854459902487,-0.6028066876143123,-0.07987497940822272,0.0,1.0,0.0,0.0
179,73.0,165,4287.37,上海,4209517.54,normal,1.419227109880954,-0.3149771883368892,0.3240222586093269,1.0,0.0,0.0,0.0
180,49.0,8,167.2,北京,4919684.48,normal,0.040681428556848254,-0.038591929687229215,-0.3621131122893304,0.0,1.0,0.0,0.0
181,76.0,82,797.99,广州,5658861.11,normal,1.591545320046467,0.2490834217876421,-0.25706712374779833,0.0,0.0,1.0,0.0
182,27.0,44,460.81,北京,3465664.89,normal,-1.2229854459902487,-0.6044723696635288,-0.3132179923672022,0.0,1.0,0.0,0.0
183,48.0,47,1235.49,上海,4700103.45,normal,-0.016757974831656152,-0.12404924451394979,-0.1842098812631041,1.0,0.0,0.0,0.0
184,61.0,223,619.28,上海,4209517.54,normal,0.729954269218901,-0.3149771883368892,-0.28682785015794626,1.0,0.0,0.0,0.0
185,48.0,216,928.75,北京,5258292.99,normal,-0.016757974831656152,0.09318891696458177,-0.23529155111397293,0.0,1.0,0.0,0.0
186,45.0,117,7202.44,北京,6154940.29,normal,-0.18907618499716936,0.4421492556815869,0.809471314266144,0.0,1.0,0.0,0.0
187,28.0,25,925.45,广州,4386514.79,normal,-1.165546042601744,-0.24609277825504491,-0.23584110288585747,0.0,0.0,1.0,0.0
188,41.0,110,1658.7,深圳,2191791.57,normal,-0.41883379855118696,-1.1002428529179322,-0.11373236448150997,0.0,0.0,0.0,1.0
189,32.0,29,869.34,北京,8056753.25,normal,-0.9357884290477266,1.182303488787503,-0.24518514831629448,0.0,1.0,0.0,0.0
190,36.0,148,1182.89,上海,5897374.43,normal,-0.7060308154937089,0.3419088715890492,-0.19296940344526392,1.0,0.0,0.0,0.0
191,60.0,19,1103.25,北京,3418620.72,normal,0.6725148658303967,-0.6227811846210494,-0.20623191954007775,0.0,1.0,0.0,0.0
192,57.0,118,1716.98,深圳,4271412.2,normal,0.5001966556648835,-0.29088880763427183,-0.10402694712834888,0.0,0.0,0.0,1.0
193,55.0,48,3516.8,上海,2320795.51,normal,0.3853178488878747,-1.050036647425284,0.19569858925748507,1.0,0.0,0.0,0.0
194,40.0,9,5695.29,深圳,2943324.3,normal,-0.47627320193969136,-0.8077587111403174,0.5584843588128713,0.0,0.0,0.0,1.0
195,77.0,138,1494.61,北京,3755941.73,normal,1.6489847234349715,-0.4915014117315729,-0.14105841001136937,0.0,1.0,0.0,0.0
196,23.0,13,1977.42,北京,9083459.54,normal,-1.4527430595442663,1.581880641053817,-0.06065565516786028,0.0,1.0,0.0,0.0
197,39.0,427,346.93,广州,3569740.93,normal,-0.5337126053281958,-0.563967691658337,-0.33218252442241814,0.0,0.0,1.0,0.0
198,25.0,66,1004.38,广州,6768987.72,normal,-1.3378642527672575,0.6811263865569115,-0.2226968236874188,0.0,0.0,1.0,0.0
199,39.0,36,2808.17,深圳,3754993.75,normal,-0.5337126053281958,-0.491870349910383,0.07768984013307623,0.0,0.0,0.0,1.0
200,77.0,20,2607.03,深圳,5563450.46,normal,1.6489847234349715,0.21195117063246685,0.044193826982513056,0.0,0.0,0.0,1.0
201,48.0,73,1355.07,深圳,4448689.835,normal,-0.016757974831656152,-0.2218952763354551,-0.1642961234200876,0.0,0.0,0.0,1.0
202,74.0,139,2660.83,广州,7604749.76,normal,1.4766665132694583,1.0063911864009698,0.05315318617263083,0.0,0.0,1.0,0.0
203,48.0,178,1791.43,上海,3761579.89,normal,-0.016757974831656152,-0.48930713286256755,-0.09162872609295349,1.0,0.0,0.0,0.0
204,61.0,88,3642.07,上海,2238890.87,normal,0.729954269218901,-1.081912582273796,0.21655990757990254,1.0,0.0,0.0,0.0
205,46.0,339,1464.63,北京,2462729.3,normal,-0.13163678160866496,-0.9947983575940558,-0.1460510045935205,0.0,1.0,0.0,0.0
206,34.0,155,768.39,上海,4209517.54,normal,-0.8209096222707178,-0.3149771883368892,-0.26199643661076283,1.0,0.0,0.0,0.0
207,65.0,18,1534.32,上海,2631922.94,normal,0.9597118827729187,-0.9289509838015254,-0.1344454703563586,1.0,0.0,0.0,0.0
208,78.0,324,58.52,北京,4781210.09,normal,1.7064241268234759,-0.09248387810220898,-0.3802116839767282,0.0,1.0,0.0,0.0
209,34.0,40,1608.22,北京,3893703.02,normal,-0.8209096222707178,-0.4378869900738134,-0.12213884128294396,0.0,1.0,0.0,0.0
210,66.0,340,28.55,广州,16111736.73,normal,1.0171512861614231,4.317170190043037,-0.3852026132504797,0.0,0.0,1.0,0.0
211,34.0,31,195.69,上海,2061404.25,normal,-0.8209096222707178,-1.1509874470873482,-0.3573686486587271,1.0,0.0,0.0,0.0
212,62.0,53,1722.91,深圳,5441535.65,normal,0.7873936726074054,0.1645039375986762,-0.10303941924735634,0.0,0.0,0.0,1.0
213,66.0,115,1767.87,上海,2796219.17,normal,1.0171512861614231,-0.8650096011968748,-0.09555219268252928,1.0,0.0,0.0,0.0
214,45.0,7,342.95,深圳,3840275.28,normal,-0.18907618499716936,-0.45868018517659703,-0.33284531716547894,0.0,0.0,0.0,1.0
215,63.0,263,538.02,广州,5274872.23,normal,0.8448330759959098,0.0996412836934735,-0.3003601462135034,0.0,0.0,1.0,0.0
216,34.0,45,4317.97,北京,1536579.79,normal,-0.8209096222707178,-1.35524046979602,0.3291181023122564,0.0,1.0,0.0,0.0
217,22.0,26,675.85,北京,5532599.51,normal,-1.5101824629327707,0.19994448978734364,-0.27740720054112533,0.0,1.0,0.0,0.0
218,23.0,6,10331.16,广州,12726652.95,normal,-1.4527430595442663,2.999751420751878,1.330499683881487,0.0,0.0,1.0,0.0
219,45.0,3,1094.53,广州,3917781.59,normal,-0.18907618499716936,-0.4285160078124258,-0.20768406846457269,0.0,0.0,1.0,0.0
220,73.0,3,1649.18,上海,5596540.56,normal,1.419227109880954,0.22482929172219684,-0.11531773807797692,1.0,0.0,0.0,0.0
221,25.0,38,5524.09,广州,8204686.93,normal,-1.3378642527672575,1.2398768368369009,0.5299742790108607,0.0,0.0,1.0,0.0
222,46.0,37,1250.16,深圳,4527943.99,normal,-0.13163678160866496,-0.1910508665284662,-0.18176687384081733,0.0,0.0,0.0,1.0
223,61.0,102,402.48,上海,3675777.32,normal,0.729954269218901,-0.522700077769656,-0.32293173626236155,1.0,0.0,0.0,0.0
224,30.0,229,982.67,北京,4781210.09,normal,-1.0506672358247353,-0.09248387810220898,-0.22631220822305928,0.0,1.0,0.0,0.0
225,62.0,117,1058.27,上海,6771618.18,normal,0.7873936726074054,0.6821501181987527,-0.21372247672170414,1.0,0.0,0.0,0.0
226,36.0,109,280.13,深圳,4644392.21,normal,-0.7060308154937089,-0.14573114014977498,-0.3433067845320812,0.0,0.0,0.0,1.0
227,68.0,55,849.09,深圳,2962112.79,normal,1.132030092938432,-0.80044654075361,-0.24855739782558603,0.0,0.0,0.0,1.0
228,53.0,97,522.07,深圳,4448689.835,normal,0.2704390421108659,-0.2218952763354551,-0.30301631311094535,0.0,0.0,0.0,1.0
229,51.0,80,2763.79,深圳,3670781.35,normal,0.15556023533385704,-0.5246444268837613,0.07029920145542883,0.0,0.0,0.0,1.0
230,28.0,5,1135.25,北京,3773608.31,normal,-1.165546042601744,-0.4846258702106526,-0.20090293266119727,0.0,1.0,0.0,0.0
231,46.0,27,826.5,上海,6655145.39,normal,-0.13163678160866496,0.6368208295813503,-0.25231932950039576,1.0,0.0,0.0,0.0
233,19.0,8,1370.76,北京,8297069.37,normal,-1.6825006730982839,1.2758305586112302,-0.1616832545410365,0.0,1.0,0.0,0.0
234,65.0,46,2032.08,深圳,2443427.19,normal,0.9597118827729187,-1.0023104204124604,-0.05155307945537256,0.0,0.0,0.0,1.0
235,48.0,6,403.54,深圳,3528574.68,normal,-0.016757974831656152,-0.5799889171097592,-0.32275521357199866,0.0,0.0,0.0,1.0
236,62.0,150,387.0,北京,12854806.89,normal,0.7873936726074054,3.0496268202655097,-0.32550963366502,0.0,1.0,0.0,0.0
238,44.0,11,726.08,广州,5160568.34,normal,-0.24651558838567375,0.05515609517947082,-0.2690423564496826,0.0,0.0,1.0,0.0
239,37.0,9,265.91,北京,3070927.44,normal,-0.6485914121052045,-0.7580976739010891,-0.34567485307638374,0.0,1.0,0.0,0.0
240,56.0,313,1709.25,深圳,4448689.835,normal,0.4427572522763791,-0.2218952763354551,-0.10531423052127846,0.0,0.0,0.0,1.0
241,26.0,31,1743.01,深圳,4448689.835,normal,-1.2804248493787531,-0.2218952763354551,-0.09969214936405954,0.0,0.0,0.0,1.0
242,54.0,70,237.29,广州,5007848.28,normal,0.3278784454993703,-0.0042800330132769975,-0.35044096571618244,0.0,0.0,1.0,0.0
243,23.0,61,1379.51,广州,4696461.05,normal,-1.4527430595442663,-0.1254668065115635,-0.16022610969134263,0.0,0.0,1.0,0.0
244,58.0,127,2288.34,上海,4839582.54,normal,0.5576360590533879,-0.06976628343177221,-0.008877886405937695,1.0,0.0,0.0,0.0
245,56.0,104,1594.61,深圳,4415217.81,normal,0.4427572522763791,-0.2349220363352278,-0.12440532601486783,0.0,0.0,0.0,1.0
246,23.0,229,2063.13,上海,2389909.15,normal,-1.4527430595442663,-1.0231387587857206,-0.04638229687445881,1.0,0.0,0.0,0.0
247,64.0,19,269.27,深圳,3796157.42,normal,0.9022724793844142,-0.47585012855240305,-0.34511530945410124,0.0,0.0,0.0,1.0
248,48.0,103,1526.97,北京,7764458.73,normal,-0.016757974831656152,1.0685472830817317,-0.13566947203010146,0.0,1.0,0.0,0.0
249,66.0,43,810.28,北京,2479551.19,normal,1.0171512861614231,-0.9882515554877424,-0.2550204597246283,0.0,1.0,0.0,0.0
250,20.0,71,676.69,深圳,4470351.16,normal,-1.6250612697097795,-0.21346504595494853,-0.2772673146355547,0.0,0.0,0.0,1.0
251,29.0,414,2619.02,上海,3262088.9,normal,-1.1081066392132397,-0.6837007869297713,0.04619053175369355,1.0,0.0,0.0,0.0
252,48.0,54,4813.96,上海,5196160.23,normal,-0.016757974831656152,0.06900787166948937,0.4117157336265043,1.0,0.0,0.0,0.0
253,29.0,118,6597.0,深圳,4046806.82,normal,-1.1081066392132397,-0.37830151660296196,0.7086468825177253,0.0,0.0,0.0,1.0
254,38.0,64,4083.9,北京,10287623.32,normal,-0.5911520087167002,2.0505213212181914,0.29013822860164523,0.0,1.0,0.0,0.0
255,58.0,20,982.66,广州,6331494.45,normal,0.5576360590533879,0.5108612224443222,-0.226313873531459,0.0,0.0,1.0,0.0
256,26.0,2,1560.44,上海,2550637.02,normal,-1.2804248493787531,-0.9605861230319936,-0.13009568481647238,1.0,0.0,0.0,0.0
257,60.0,156,2360.96,北京,6874773.7,normal,0.6725148658303967,0.7222965450041744,0.003215583192321701,0.0,1.0,0.0,0.0
258,24.0,10,1237.91,深圳,3336488.12,normal,-1.395303656155762,-0.6547458377412989,-0.18380687663038878,0.0,0.0,0.0,1.0
259,28.0,20,1249.83,北京,3683069.6,normal,-1.165546042601744,-0.5198620426818135,-0.1818218290180058,0.0,1.0,0.0,0.0
260,54.0,91,2499.27,北京,5749737.67,normal,0.3278784454993703,0.2844510799058744,0.026248463667882964,0.0,1.0,0.0,0.0
261,67.0,37,1033.51,广州,3843452.35,normal,1.0745906895499275,-0.45744372193923744,-0.21784578031923793,0.0,0.0,1.0,0.0
262,28.0,61,528.85,深圳,7680407.68,normal,-1.165546042601744,1.0358360008668406,-0.3018872340159826,0.0,0.0,0.0,1.0
263,36.0,63,724.53,北京,4781210.09,normal,-0.7060308154937089,-0.09248387810220898,-0.26930047925162837,0.0,1.0,0.0,0.0
264,75.0,2,2067.12,广州,3606621.44,normal,1.5341059166579627,-0.5496144055204589,-0.04571783882299843,0.0,0.0,1.0,0.0
265,79.0,221,1099.92,广州,3539761.22,normal,1.7638635302119803,-0.5756353002668029,-0.20678646723716124,0.0,0.0,1.0,0.0
266,54.0,406,1541.04,深圳,4448689.835,normal,0.3278784454993703,-0.2218952763354551,-0.1333263831117937,0.0,0.0,0.0,1.0
267,45.0,68,2143.25,北京,8515095.24,normal,-0.18907618499716936,1.3606826308187412,-0.0330398459764618,0.0,1.0,0.0,0.0
268,39.0,41,753.82,深圳,6730455.8,normal,-0.5337126053281958,0.6661303988874939,-0.264422790949053,0.0,0.0,0.0,1.0
269,55.0,227,2336.12,广州,4765044.59,normal,0.3853178488878747,-0.09877522404785533,-0.0009210428724093045,0.0,0.0,1.0,0.0
270,54.0,54,1601.73,深圳,15272698.5,normal,0.3278784454993703,3.990630351092631,-0.1232196264343169,0.0,0.0,0.0,1.0
271,36.0,97,319.0,上海,2935524.68,normal,-0.7060308154937089,-0.8107941945874474,-0.33683373078264106,1.0,0.0,0.0,0.0
272,19.0,207,4639.24,深圳,5090898.23,normal,-1.6825006730982839,0.028041637595032882,0.3826194652678168,0.0,0.0,0.0,1.0
273,27.0,43,664.65,广州,2729571.3,normal,-1.2229854459902487,-0.8909478528259902,-0.27927234594873346,0.0,0.0,1.0,0.0
274,77.0,193,209.54,北京,3331563.65,normal,1.6489847234349715,-0.6566623602348165,-0.35506219652521165,0.0,1.0,0.0,0.0
275,43.0,114,385.66,深圳,3586595.65,normal,-0.3039549917741782,-0.5574081126575636,-0.3257327849905731,0.0,0.0,0.0,1.0
276,47.0,103,395.03,深圳,2896975.56,normal,-0.07419737822016055,-0.8257968762131462,-0.3241723910201009,0.0,0.0,0.0,1.0
277,46.0,177,1155.37,上海,2904615.68,normal,-0.13163678160866496,-0.8228234675350199,-0.19755233216110119,1.0,0.0,0.0,0.0
278,66.0,1,833.93,广州,4572694.02,normal,1.0171512861614231,-0.1736348930164778,-0.25108200535945574,0.0,0.0,1.0,0.0
279,22.0,37,783.03,上海,2674829.16,normal,-1.5101824629327707,-0.9122525907273854,-0.259558425113675,1.0,0.0,0.0,0.0
280,23.0,23,2037.95,广州,7488048.38,normal,-1.4527430595442663,0.9609729343262221,-0.0505755434247779,0.0,0.0,1.0,0.0
281,35.0,33,1540.52,深圳,3106100.1,normal,-0.7634702188822133,-0.744409054811757,-0.1334129791485755,0.0,0.0,0.0,1.0
282,48.0,42,1504.25,深圳,20025955.48,normal,-0.016757974831656152,5.840519561431823,-0.1394530527141066,0.0,0.0,0.0,1.0
283,59.0,26,1652.14,北京,3921806.92,normal,0.6150754624418923,-0.42694941577534756,-0.11482480679168047,0.0,1.0,0.0,0.0
284,48.0,60,2030.7,深圳,5094968.79,normal,-0.016757974831656152,0.029625832402029734,-0.05178289201452427,0.0,0.0,0.0,1.0
285,45.0,35,133.23,上海,2571717.92,normal,-0.18907618499716936,-0.9523817844872177,-0.36777016492294196,1.0,0.0,0.0,0.0
286,76.0,56,761.71,广州,11533900.86,normal,1.591545320046467,2.5355519820965498,-0.2631088626217291,0.0,0.0,1.0,0.0
287,27.0,65,123.94,深圳,8602002.81,normal,-1.2229854459902487,1.3945056234985518,-0.36931723642621694,0.0,0.0,0.0,1.0
288,53.0,27,1136.9,上海,5701348.1,normal,0.2704390421108659,0.2656186574610956,-0.20062815677525497,1.0,0.0,0.0,0.0
289,51.0,97,1091.56,上海,2506389.94,normal,0.15556023533385704,-0.9778063567002804,-0.2081786650592688,1.0,0.0,0.0,0.0
290,47.0,118,3119.83,上海,5460706.41,normal,-0.07419737822016055,0.171964881163735,0.12959084171657287,1.0,0.0,0.0,0.0
291,68.0,156,3596.2,深圳,4448689.835,normal,1.132030092938432,-0.2218952763354551,0.20892113795070721,0.0,0.0,0.0,1.0
292,34.0,23,1343.15,上海,4209517.54,normal,-0.8209096222707178,-0.3149771883368892,-0.16628117103247056,1.0,0.0,0.0,0.0
293,48.0,99,664.9,上海,4209517.54,normal,-0.016757974831656152,-0.3149771883368892,-0.2792307132387422,1.0,0.0,0.0,0.0
294,38.0,137,1781.41,上海,5154985.17,normal,-0.5911520087167002,0.052983217511390415,-0.09329736510940294,1.0,0.0,0.0,0.0
295,51.0,5,646.83,北京,1453619.84,normal,0.15556023533385704,-1.3875271138889045,-0.2822399255169101,0.0,1.0,0.0,0.0
296,50.0,57,1095.11,上海,3005778.89,normal,0.09812083194535265,-0.7834524149178989,-0.20758748057739299,1.0,0.0,0.0,0.0
297,70.0,95,2939.92,北京,6931839.98,normal,1.2469088997154407,0.7445057998562434,0.09963027829846699,0.0,1.0,0.0,0.0
298,45.0,30,627.8,北京,9013167.53,normal,-0.18907618499716936,1.55452415024779,-0.2854090074014443,0.0,1.0,0.0,0.0
299,35.0,184,2454.5,广州,8557684.29,normal,-0.7634702188822133,1.3772575865606869,0.01879287796264923,0.0,0.0,1.0,0.0
300,19.0,130,2159.0,北京,2217184.66,normal,-1.6825006730982839,-1.0903602811559123,-0.030416985247012803,0.0,1.0,0.0,0.0
301,40.0,19,422.09,广州,5714580.4,normal,-0.47627320193969136,0.27076845035068026,-0.3196660664906476,0.0,0.0,1.0,0.0
302,69.0,60,2904.14,深圳,8166188.93,normal,1.1894694963269363,1.2248940502719636,0.09367180484451872,0.0,0.0,0.0,1.0
303,18.0,335,2205.18,广州,2144865.7,normal,-1.7399400764867883,-1.1185056274668437,-0.022726591057428424,0.0,0.0,1.0,0.0
304,73.0,80,1214.3,上海,4209517.54,normal,1.419227109880954,-0.3149771883368892,-0.1877386697619628,1.0,0.0,0.0,0.0
305,51.0,142,511.67,北京,5635951.11,normal,0.15556023533385704,0.240167227694372,-0.3047482338465815,0.0,1.0,0.0,0.0
306,26.0,247,464.42,深圳,4228563.89,normal,-1.2804248493787531,-0.30756466309165337,-0.3126168160349285,0.0,0.0,0.0,1.0
307,36.0,59,53202.8,深圳,1946754.82,VIP,-0.7060308154937089,-1.1956071140695734,8.469949903759238,0.0,0.0,0.0,1.0
308,52.0,10,1886.72,广州,4176174.62,normal,0.21299963872236147,-0.3279537028002841,-0.07576000235268718,0.0,0.0,1.0,0.0
309,37.0,25,421.73,北京,4172819.75,normal,-0.6485914121052045,-0.32925936286478386,-0.31972601759303504,0.0,1.0,0.0,0.0
310,24.0,66,1698.52,北京,4564041.47,normal,-1.395303656155762,-0.1770023227502937,-0.10710110643410307,0.0,1.0,0.0,0.0
311,59.0,59,316.79,上海,3708060.67,normal,0.6150754624418923,-0.5101359304723635,-0.33720176393896373,1.0,0.0,0.0,0.0
312,59.0,81,894.2,北京,3938258.59,normal,0.6150754624418923,-0.4205466971861538,-0.2410451916347642,0.0,1.0,0.0,0.0
313,25.0,132,1223.72,深圳,4818157.43,normal,-1.3378642527672575,-0.07810458283071003,-0.18616994924949234,0.0,0.0,0.0,1.0
314,48.0,152,12646.43,北京,6131699.92,normal,-0.016757974831656152,0.43310448703386045,1.7160635417272883,0.0,1.0,0.0,0.0
315,33.0,107,276.63,上海,4220828.09,normal,-0.8783490256592222,-0.31057530884751183,-0.34388964247195875,1.0,0.0,0.0,0.0
316,58.0,286,4779.13,深圳,4448689.835,normal,0.5576360590533879,-0.2218952763354551,0.40591546447052285,0.0,0.0,0.0,1.0
317,63.0,362,1273.91,深圳,4448689.835,normal,0.8448330759959098,-0.2218952763354551,-0.17781176639164822,0.0,0.0,0.0,1.0
318,63.0,131,1654.36,北京,4781210.09,normal,0.8448330759959098,-0.09248387810220898,-0.11445510832695817,0.0,1.0,0.0,0.0
319,76.0,195,1234.41,上海,6238640.47,normal,1.591545320046467,0.4747239850801745,-0.18438973457026633,1.0,0.0,0.0,0.0
320,65.0,52,1710.82,广州,4913385.29,normal,0.9597118827729187,-0.04104347052836364,-0.1050527771025334,0.0,0.0,1.0,0.0
321,37.0,14,940.41,广州,5013285.48,normal,-0.6485914121052045,-0.002163964461381324,-0.2333498015199809,0.0,0.0,1.0,0.0
322,24.0,84,4694.05,深圳,7945548.82,normal,-1.395303656155762,1.1390245589790584,0.3917470206062994,0.0,0.0,0.0,1.0
323,56.0,259,694.73,深圳,1851205.33,normal,0.4427572522763791,-1.2327933994625448,-0.2742630982825858,0.0,0.0,0.0,1.0
324,74.0,16,3402.39,深圳,1831852.57,normal,1.4766665132694583,-1.2403251744254638,0.17664579585708762,0.0,0.0,0.0,1.0
325,78.0,44,575.73,北京,5635842.47,normal,1.7064241268234759,0.24012494679841834,-0.29408026823842265,0.0,1.0,0.0,0.0
326,32.0,100,1032.51,北京,4781210.09,normal,-0.9357884290477266,-0.09248387810220898,-0.21801231115920294,0.0,1.0,0.0,0.0
327,32.0,57,375.42,广州,4765044.59,normal,-0.9357884290477266,-0.09877522404785533,-0.32743806079181487,0.0,0.0,1.0,0.0
328,20.0,5,1728.52,北京,3900798.14,normal,-1.6250612697097795,-0.4351256864057626,-0.10210518123515261,0.0,1.0,0.0,0.0
329,26.0,416,4652.34,上海,6851184.51,normal,-1.2804248493787531,0.7131160213663293,0.38480101927135857,1.0,0.0,0.0,0.0
330,52.0,78,1015.0,北京,4781210.09,normal,0.21299963872236147,-0.09248387810220898,-0.22092826616699035,0.0,1.0,0.0,0.0
331,51.0,29,900.65,深圳,6260348.58,normal,0.15556023533385704,0.48317242341094974,-0.23997106771698984,0.0,0.0,0.0,1.0
332,40.0,50,359.74,北京,4313848.77,normal,-0.47627320193969136,-0.2743731945931266,-0.3300492643624663,0.0,1.0,0.0,0.0
333,37.0,3,871.93,北京,1713263.49,normal,-0.6485914121052045,-1.2864780882020825,-0.24475383344078513,0.0,1.0,0.0,0.0
334,69.0,81,223.01,北京,7220056.84,normal,1.1894694963269363,0.8566750475521339,-0.3528190261108829,0.0,1.0,0.0,0.0
335,46.0,165,440.15,北京,9053116.42,normal,-0.13163678160866496,1.5700715992678993,-0.3166585195208794,0.0,1.0,0.0,0.0
336,68.0,81,1375.79,广州,4765044.59,normal,1.132030092938432,-0.09877522404785533,-0.16084560441601248,0.0,0.0,1.0,0.0
337,77.0,148,4101.11,上海,3165856.1,normal,1.6489847234349715,-0.7211530053033568,0.2930042243574431,1.0,0.0,0.0,0.0
338,37.0,68,18200.62,深圳,6883601.01,normal,-0.6485914121052045,0.7257319884472762,2.6410074677525768,0.0,0.0,0.0,1.0
339,30.0,146,53049.85,上海,7557266.68,VIP,-1.0506672358247353,0.9879115549113899,8.444479011786589,1.0,0.0,0.0,0.0
340,77.0,71,4606.85,广州,10715088.03,normal,1.6489847234349715,2.2168835352026264,0.37722553136135006,0.0,0.0,1.0,0.0
341,57.0,102,1399.34,广州,3171452.73,normal,0.5001966556648835,-0.7189748892253028,-0.15692380313483636,0.0,0.0,1.0,0.0
342,36.0,192,942.7,广州,4388631.42,normal,-0.7060308154937089,-0.24526902077343699,-0.23296844589646096,0.0,0.0,1.0,0.0
343,56.0,439,1690.19,深圳,7141199.41,normal,0.4427572522763791,0.8259850365710576,-0.10848830833101164,0.0,0.0,0.0,1.0
344,49.0,54,1166.68,北京,5057891.8,normal,0.040681428556848254,0.015196079489142925,-0.19566886836109681,0.0,1.0,0.0,0.0
345,74.0,345,1224.63,广州,2811114.21,normal,1.4766665132694583,-0.8592126973266425,-0.18601840618512416,0.0,0.0,1.0,0.0
346,33.0,11,728.99,深圳,6046943.05,normal,-0.8783490256592222,0.4001185113176639,-0.2685577517053844,0.0,0.0,0.0,1.0
347,79.0,91,270.94,深圳,6563838.3,normal,1.7638635302119803,0.6012856162888283,-0.34483720295135967,0.0,0.0,0.0,1.0
348,76.0,70,234.25,广州,5135751.44,normal,1.591545320046467,0.04549776706103914,-0.3509472194696761,0.0,0.0,1.0,0.0
349,29.0,86,2107.47,广州,5485110.2,normal,-1.1081066392132397,0.1814624336845296,-0.03899831943041008,0.0,0.0,1.0,0.0
350,28.0,185,831.56,深圳,4318429.39,normal,-1.165546042601744,-0.27259049284770903,-0.25147668345017277,0.0,0.0,0.0,1.0
351,51.0,49,604.2,广州,10292178.0,normal,0.15556023533385704,2.052293927543496,-0.2893391352246187,0.0,0.0,1.0,0.0
352,20.0,420,1106.0,深圳,3132710.58,normal,-1.6250612697097795,-0.7340526949429188,-0.20577395973017396,0.0,0.0,0.0,1.0
353,48.0,79,2428.26,北京,3664105.86,normal,-0.016757974831656152,-0.527242417477724,0.014423108721967264,0.0,1.0,0.0,0.0
354,44.0,146,1313.39,上海,4941838.75,normal,-0.24651558838567375,-0.02996985324398578,-0.17123712882982942,1.0,0.0,0.0,0.0
355,78.0,89,569.04,北京,7627207.09,normal,1.7064241268234759,1.0151312087971556,-0.2951943595577886,0.0,1.0,0.0,0.0
356,79.0,74,3737.95,北京,2324623.61,normal,1.7638635302119803,-1.048546814050843,0.23252688451574816,0.0,1.0,0.0,0.0
357,27.0,58,5319.77,上海,2552558.9,normal,-1.2229854459902487,-0.959838159037931,0.4959486977892088,1.0,0.0,0.0,0.0
358,73.0,2,1798.23,北京,1774254.73,normal,1.419227109880954,-1.2627413036613049,-0.09049631638119139,0.0,1.0,0.0,0.0
359,23.0,393,2903.47,上海,4209517.54,normal,-1.4527430595442663,-0.3149771883368892,0.09356022918174213,1.0,0.0,0.0,0.0
360,64.0,104,3796.98,上海,2809739.61,normal,0.9022724793844142,-0.8597476689722388,0.24235719999888303,1.0,0.0,0.0,0.0
361,70.0,276,3395.14,广州,4765044.59,normal,1.2469088997154407,-0.09877522404785533,0.17543844726734126,0.0,0.0,1.0,0.0
362,73.0,404,2026.57,深圳,6840999.29,normal,1.419227109880954,0.7091521017503253,-0.0524706643835798,0.0,0.0,0.0,1.0
363,31.0,155,1994.9,深圳,4448689.835,normal,-0.993227832436231,-0.2218952763354551,-0.05774469608527181,0.0,0.0,0.0,1.0
364,73.0,48,1843.94,上海,5517284.12,normal,1.419227109880954,0.19398399263089994,-0.08288419168639052,1.0,0.0,0.0,0.0
365,25.0,63,366.01,上海,4231581.36,normal,-1.3378642527672575,-0.3063903135416479,-0.32900511599588567,1.0,0.0,0.0,0.0
366,50.0,10,2209.95,深圳,6877820.94,normal,0.09812083194535265,0.7234824805471154,-0.021932238950795303,0.0,0.0,0.0,1.0
367,47.0,237,282.64,北京,6232694.57,normal,-0.07419737822016055,0.47240993887942506,-0.342888792123769,0.0,1.0,0.0,0.0
368,37.0,118,495.42,广州,3477375.61,normal,-0.6485914121052045,-0.5999147506110654,-0.307454359996013,0.0,0.0,1.0,0.0
369,48.0,275,4038.24,上海,4209517.54,normal,-0.016757974831656152,-0.3149771883368892,0.2825344304488426,1.0,0.0,0.0,0.0
370,65.0,242,2540.76,北京,8282264.49,normal,0.9597118827729187,1.270068743525784,0.03315782821803149,0.0,1.0,0.0,0.0
371,38.0,4,4853.22,广州,5983066.06,normal,-0.5911520087167002,0.37525864047812324,0.41825373440353086,0.0,0.0,1.0,0.0
372,59.0,176,835.75,上海,2444312.0,normal,0.6150754624418923,-1.0019660669556438,-0.2507789192307194,1.0,0.0,0.0,0.0
373,43.0,15,346.45,北京,6821325.12,normal,-0.3039549917741782,0.7014952393171523,-0.3322624592256014,0.0,1.0,0.0,0.0
374,48.0,8,862.27,广州,2857477.98,normal,-0.016757974831656152,-0.8411686828257374,-0.24636252135484715,0.0,0.0,1.0,0.0
375,72.0,114,1214.43,北京,9959244.91,normal,1.3617877064924495,1.9227218607380765,-0.18771702075276733,0.0,1.0,0.0,0.0
376,23.0,61,1186.77,广州,8201312.0,normal,-1.4527430595442663,1.2385633697512966,-0.19232326378619968,0.0,0.0,1.0,0.0
377,48.0,158,3407.32,北京,5681341.92,normal,-0.016757974831656152,0.25783258221251876,0.17746679289811518,0.0,1.0,0.0,0.0
378,64.0,327,764.12,上海,5316744.3,normal,0.9022724793844142,0.11593720264620098,-0.2627075232974134,1.0,0.0,0.0,0.0
379,48.0,55,1559.37,深圳,4427028.51,normal,-0.016757974831656152,-0.2303255067159617,-0.13027387281523498,0.0,0.0,0.0,1.0
380,34.0,92,408.04,北京,6899898.47,normal,-0.8209096222707178,0.7320746910482061,-0.32200582479215606,0.0,1.0,0.0,0.0
381,18.0,1,1720.41,深圳,4083096.46,normal,-1.7399400764867883,-0.36417818732252116,-0.10345574634726887,0.0,0.0,0.0,1.0
382,76.0,23,1100.05,广州,5529125.45,normal,1.591545320046467,0.19859244294091577,-0.2067648182279658,0.0,0.0,1.0,0.0
383,76.0,112,518.11,深圳,7600483.81,normal,1.591545320046467,1.0047309490289842,-0.3036757752372068,0.0,0.0,0.0,1.0
384,32.0,1,866.25,北京,3711148.69,normal,-0.9357884290477266,-0.5089341240260998,-0.2456997286117864,0.0,1.0,0.0,0.0
385,19.0,105,912.17,广州,3611590.84,normal,-1.6825006730982839,-0.5476803970120742,-0.23805263244059288,0.0,0.0,1.0,0.0
386,25.0,99,837.02,深圳,2704891.99,normal,-1.3378642527672575,-0.9005526331860068,-0.2505674250639638,0.0,0.0,0.0,1.0
387,22.0,10,6446.81,深圳,2886395.08,normal,-1.5101824629327707,-0.8299146245012284,0.6836356156633796,0.0,0.0,0.0,1.0
388,69.0,260,993.82,北京,1970026.64,normal,1.1894694963269363,-1.1865501056006238,-0.22445538935744935,0.0,1.0,0.0,0.0
389,48.0,145,859.29,深圳,4448689.835,normal,-0.016757974831656152,-0.2218952763354551,-0.24685878325794292,0.0,0.0,0.0,1.0
390,27.0,240,134.63,北京,12142382.18,normal,-1.2229854459902487,2.7723628747743847,-0.3675370217469909,0.0,1.0,0.0,0.0
391,64.0,17,448.45,广州,10023268.03,normal,0.9022724793844142,1.9476386029631623,-0.3152763135491698,0.0,0.0,1.0,0.0
392,29.0,140,842.97,上海,2179733.18,normal,-1.1081066392132397,-1.1049357793994838,-0.24957656656617194,1.0,0.0,0.0,0.0
393,40.0,42,552.33,广州,7061602.84,normal,-0.47627320193969136,0.795007364494298,-0.297977089893604,0.0,0.0,1.0,0.0
394,55.0,305,4366.46,广州,10007130.57,normal,0.3853178488878747,1.941358169722989,0.33719318274216,0.0,0.0,1.0,0.0
395,62.0,66,929.89,北京,3911182.39,normal,0.7873936726074054,-0.4310843075968128,-0.23510170595641283,0.0,1.0,0.0,0.0
396,72.0,96,3977.64,广州,5170495.04,normal,1.3617877064924495,0.05901940307583337,0.27244266154696267,0.0,0.0,1.0,0.0
397,20.0,33,1166.43,深圳,1800920.99,normal,-1.6250612697097795,-1.252363235136573,-0.1957105010710881,0.0,0.0,0.0,1.0
398,30.0,64,1138.23,上海,5615961.46,normal,-1.0506672358247353,0.23238758564912798,-0.2004066707581015,1.0,0.0,0.0,0.0
399,35.0,139,1003.45,上海,2887713.05,normal,-0.7634702188822133,-0.8294016923175049,-0.2228516973685863,1.0,0.0,0.0,0.0
400,37.0,106,1100.8,深圳,4448689.835,normal,-0.6485914121052045,-0.2218952763354551,-0.20663992009799206,0.0,0.0,0.0,1.0
401,79.0,1,6116.8,北京,2251604.92,normal,1.7638635302119803,-1.076964483735536,0.628678773166525,0.0,1.0,0.0,0.0
402,48.0,4,107.81,上海,6447379.91,normal,-0.016757974831656152,0.555961931913894,-0.37200337887485263,1.0,0.0,0.0,0.0
403,37.0,61,148.18,广州,8203009.17,normal,-0.6485914121052045,1.2392238803200122,-0.36528052886546497,0.0,0.0,1.0,0.0
404,78.0,151,637.04,上海,3322291.61,normal,1.7064241268234759,-0.6602708852579751,-0.28387026244016755,1.0,0.0,0.0,0.0
405,48.0,93,55563.4,深圳,4448689.835,VIP,-0.016757974831656152,-0.2218952763354551,8.863062604580653,0.0,0.0,0.0,1.0
406,49.0,20,2186.6,上海,1672355.65,normal,0.040681428556848254,-1.3023987447440486,-0.025820734063978397,1.0,0.0,0.0,0.0
407,48.0,162,1760.03,深圳,4448689.835,normal,-0.016757974831656152,-0.2218952763354551,-0.09685779446785499,0.0,0.0,0.0,1.0
408,26.0,337,746.77,北京,3674612.75,normal,-1.2804248493787531,-0.5231533092037546,-0.2655968333708064,0.0,1.0,0.0,0.0
409,75.0,41,3038.27,广州,2263098.78,normal,1.5341059166579627,-1.0724912630179073,0.11600858640902624,0.0,0.0,1.0,0.0
410,18.0,65,3072.34,广州,6164173.71,normal,-1.7399400764867883,0.445742750437793,0.12168229212663434,0.0,0.0,1.0,0.0
411,28.0,59,1318.25,北京,3924580.75,normal,-1.165546042601744,-0.4258698868944337,-0.17042778894759947,0.0,1.0,0.0,0.0
412,32.0,35,2871.69,北京,2870185.73,normal,-0.9357884290477266,-0.8362230361435571,0.08826787908765399,0.0,1.0,0.0,0.0
413,35.0,43,1440.36,广州,3724596.48,normal,-0.7634702188822133,-0.503700465983082,-0.15009270807947145,0.0,0.0,1.0,0.0
414,26.0,36,625.48,广州,8397188.86,normal,-1.2804248493787531,1.3147954126207984,-0.2857953589501631,0.0,0.0,1.0,0.0
415,19.0,20,2203.53,广州,6643993.36,normal,-1.6825006730982839,0.6324806434611423,-0.023001366943370637,0.0,0.0,1.0,0.0
416,60.0,6,1224.9,北京,4605409.96,normal,0.6725148658303967,-0.16090238882687577,-0.18597344285833362,0.0,1.0,0.0,0.0
417,78.0,34,1098.1,广州,6697921.34,normal,1.7064241268234759,0.6534685237203297,-0.2070895533658976,0.0,0.0,1.0,0.0
418,25.0,217,4783.62,深圳,4448689.835,normal,-1.3378642527672575,-0.2218952763354551,0.40666318794196576,0.0,0.0,0.0,1.0
419,36.0,39,94.55,北京,4994961.83,normal,-0.7060308154937089,-0.009295226787751997,-0.3742115778127887,0.0,1.0,0.0,0.0
420,49.0,27,265.69,上海,5290463.64,normal,0.040681428556848254,0.10570920328089146,-0.345711489861176,1.0,0.0,0.0,0.0
421,75.0,155,334.6,上海,3885790.61,normal,1.5341059166579627,-0.44096636952844165,-0.3342358496791868,1.0,0.0,0.0,0.0
422,61.0,52,762.6,深圳,6110287.88,normal,0.729954269218901,0.4247712742633295,-0.26296065017416026,0.0,0.0,0.0,1.0
423,65.0,143,850.13,上海,3326856.93,normal,0.9597118827729187,-0.6584941380201798,-0.2483842057520224,1.0,0.0,0.0,0.0
424,54.0,116,242.91,上海,6341752.02,normal,0.3278784454993703,0.5148532994868931,-0.3495050623955791,1.0,0.0,0.0,0.0
425,43.0,116,409.46,广州,4765044.59,normal,-0.3039549917741782,-0.09877522404785533,-0.32176935099940573,0.0,0.0,1.0,0.0
426,30.0,36,463.66,北京,1143009.6,normal,-1.0506672358247353,-1.5084114956958539,-0.3127433794733019,0.0,1.0,0.0,0.0
427,71.0,85,12802.86,深圳,8911990.1,normal,1.3043483031039451,1.515147563441232,1.7421139610230156,0.0,0.0,0.0,1.0
428,67.0,290,6645.81,深圳,1070823.99,normal,1.0745906895499275,-1.53650494438643,0.7167752528164177,0.0,0.0,0.0,1.0
429,19.0,136,726.51,广州,3611850.37,normal,-1.6825006730982839,-0.5475793922170926,-0.26897074818849764,0.0,0.0,1.0,0.0
430,62.0,122,762.36,广州,8206436.11,normal,0.7873936726074054,1.2405575888396976,-0.2630006175757518,0.0,0.0,1.0,0.0
431,23.0,61,347.51,广州,4193775.32,normal,-1.4527430595442663,-0.32110380068865524,-0.33208593653523844,0.0,0.0,1.0,0.0
432,63.0,117,162.69,深圳,2361156.94,normal,0.8448330759959098,-1.0343286446421354,-0.3628641663775726,0.0,0.0,0.0,1.0
433,69.0,73,975.67,深圳,2844468.38,normal,1.1894694963269363,-0.8462318045488194,-0.2274779241028144,0.0,0.0,0.0,1.0
434,26.0,18,404.3,上海,8212830.23,normal,-1.2804248493787531,1.2430460748709355,-0.32262865013362524,1.0,0.0,0.0,0.0
435,44.0,35,1007.42,上海,1880414.92,normal,-0.24651558838567375,-1.2214255088547386,-0.22219056993392516,1.0,0.0,0.0,0.0
436,25.0,17,221.36,广州,8642918.12,normal,-1.3378642527672575,1.4104291872412975,-0.3530938019968251,0.0,0.0,1.0,0.0
437,53.0,109,511.85,北京,4781210.09,normal,0.2704390421108659,-0.09248387810220898,-0.30471825829538784,0.0,1.0,0.0,0.0
438,75.0,10,1272.36,深圳,2707557.82,normal,1.5341059166579627,-0.8995151361236035,-0.17806988919359404,0.0,0.0,0.0,1.0
439,23.0,9,1581.63,深圳,3671819.02,normal,-1.4527430595442663,-0.5242405828364125,-0.1265668963176137,0.0,0.0,0.0,1.0
440,42.0,22,1664.82,广州,2955395.7,normal,-0.36139439516268257,-0.8030607213813692,-0.1127131957409241,0.0,0.0,1.0,0.0
441,78.0,48,292.81,上海,7578818.54,normal,1.7064241268234759,0.9962991833195518,-0.3411951734813248,1.0,0.0,0.0,0.0
442,36.0,18,2577.78,上海,7088392.78,normal,-0.7060308154937089,0.8054335672348945,0.039322799913536356,1.0,0.0,0.0,0.0
443,48.0,131,492.64,上海,4209517.54,normal,-0.016757974831656152,-0.3149771883368892,-0.3079173157311158,1.0,0.0,0.0,0.0
444,48.0,77,2064.94,广州,4016651.77,normal,-0.016757974831656152,-0.39003736464714633,-0.04608087605412214,0.0,0.0,1.0,0.0
445,49.0,511,1085.03,深圳,3192013.44,normal,0.040681428556848254,-0.7109730000478501,-0.20926611144424034,0.0,0.0,0.0,1.0
446,59.0,341,276.89,广州,9383939.89,normal,0.6150754624418923,1.6988226367680792,-0.3438463444535679,0.0,0.0,1.0,0.0
447,37.0,72,799.35,深圳,2502262.1,normal,-0.6485914121052045,-0.9794128439384281,-0.2568406418054459,0.0,0.0,0.0,1.0
448,77.0,64,1580.29,深圳,4448689.835,normal,1.6489847234349715,-0.2218952763354551,-0.12679004764316684,0.0,0.0,0.0,1.0
449,50.0,12,2024.27,广州,4833628.13,normal,0.09812083194535265,-0.07208364158414715,-0.052853685315499326,0.0,0.0,1.0,0.0
450,35.0,165,952.43,上海,2749110.81,normal,-0.7634702188822133,-0.8833433978435636,-0.2313481008236014,1.0,0.0,0.0,0.0
451,77.0,353,5073.46,广州,3502957.56,normal,1.6489847234349715,-0.5899586776523429,0.45493048659742585,0.0,0.0,1.0,0.0
452,75.0,66,3003.43,上海,3291802.54,normal,1.5341059166579627,-0.6721367283764079,0.11020665194464507,1.0,0.0,0.0,0.0
453,48.0,158,848.39,广州,2598503.03,normal,-0.016757974831656152,-0.9419574615029492,-0.2486739694135616,0.0,0.0,1.0,0.0
454,19.0,2,2321.86,深圳,5153407.52,normal,-1.6825006730982839,0.05236922215515947,-0.003295772650310384,0.0,0.0,0.0,1.0
455,55.0,739,7583.98,上海,4209517.54,normal,0.3853178488878747,-0.3149771883368892,0.8730094909463961,1.0,0.0,0.0,0.0
456,48.0,11,7789.13,广州,1652123.81,normal,-0.016757974831656152,-1.310272643142302,0.907173292765219,0.0,0.0,1.0,0.0
457,27.0,151,321.18,北京,4064970.5,normal,-1.2229854459902487,-0.37123251196184237,-0.3364706935515173,0.0,1.0,0.0,0.0
458,57.0,5,434.18,广州,1995344.31,normal,0.5001966556648835,-1.17669688605853,-0.31765270863547057,0.0,0.0,1.0,0.0
459,70.0,34,4841.2,上海,3374220.34,normal,1.2469088997154407,-0.6400610801206107,0.4162520337071513,1.0,0.0,0.0,0.0
460,24.0,40,380.59,上海,3119564.09,normal,-1.395303656155762,-0.7391690919959628,-0.32657709634919574,1.0,0.0,0.0,0.0
461,62.0,106,292.21,广州,3179222.55,normal,0.7873936726074054,-0.7159510034466136,-0.3412950919853038,0.0,0.0,1.0,0.0
462,48.0,7,674.39,北京,13366161.77,normal,-0.016757974831656152,3.248637704622596,-0.27765033556747426,0.0,1.0,0.0,0.0
463,64.0,45,1669.41,广州,5055367.27,normal,0.9022724793844142,0.014213574055957176,-0.11194881918548466,0.0,0.0,1.0,0.0
464,43.0,24,989.9,广州,5556287.81,normal,-0.3039549917741782,0.20916358540234184,-0.22510819025011222,0.0,0.0,1.0,0.0
465,18.0,12,572.17,上海,2021915.99,normal,-1.7399400764867883,-1.1663556265096753,-0.2946731180286981,1.0,0.0,0.0,0.0
466,77.0,168,558.8,北京,3544025.24,normal,1.6489847234349715,-0.5739758140189816,-0.29689963535903036,0.0,1.0,0.0,0.0
467,28.0,48,537.89,上海,5473378.33,normal,-1.165546042601744,0.17689658340094105,-0.30038179522269887,1.0,0.0,0.0,0.0
468,54.0,10,455.09,北京,2944621.44,normal,0.3278784454993703,-0.8072538856489971,-0.3141705487718021,0.0,1.0,0.0,0.0
469,29.0,57,10738.95,上海,7739028.34,normal,-1.1081066392132397,1.0586501947749853,1.398409295110821,1.0,0.0,0.0,0.0
470,75.0,20,1476.62,广州,2693648.05,normal,1.5341059166579627,-0.9049285891621345,-0.14405429982234,0.0,0.0,1.0,0.0
471,63.0,1,2661.8,北京,4259116.11,normal,0.8448330759959098,-0.29567424303489676,0.05331472108739694,0.0,1.0,0.0,0.0
472,67.0,11,672.45,广州,3666431.7,normal,1.0745906895499275,-0.5263372389150922,-0.2779734053970064,0.0,0.0,1.0,0.0
473,44.0,120,910.55,北京,5335619.78,normal,-0.24651558838567375,0.12328322810598458,-0.23832241240133623,0.0,1.0,0.0,0.0
474,46.0,1,537.24,深圳,3567980.27,normal,-0.13163678160866496,-0.5646529114877679,-0.3004900402686761,0.0,0.0,0.0,1.0
475,57.0,48,77.35,广州,4292193.5,normal,0.5001966556648835,-0.2828010684675118,-0.377075908260187,0.0,0.0,1.0,0.0
476,66.0,70,276.44,上海,4209517.54,normal,1.0171512861614231,-0.3149771883368892,-0.3439212833315521,1.0,0.0,0.0,0.0
477,48.0,30,179.36,广州,3404339.16,normal,-0.016757974831656152,-0.6283393321948024,-0.3600880972753558,0.0,0.0,1.0,0.0
478,19.0,80,115.61,北京,6263828.97,normal,-1.6825006730982839,0.48452693378896255,-0.3707044383231255,0.0,1.0,0.0,0.0
479,59.0,183,331.84,北京,5536922.87,normal,0.6150754624418923,0.20162707018433548,-0.33469547479749023,0.0,1.0,0.0,0.0
480,24.0,63,4125.55,深圳,4701763.96,normal,-1.395303656155762,-0.12340300141251749,0.29707423808618816,0.0,0.0,0.0,1.0
481,35.0,59,1048.97,深圳,4448689.835,normal,-0.7634702188822133,-0.2218952763354551,-0.21527121353337877,0.0,0.0,0.0,1.0
482,69.0,15,3986.08,北京,7319314.94,normal,1.1894694963269363,0.8953046627825668,0.2738481818362674,0.0,1.0,0.0,0.0
483,33.0,63,1654.05,上海,4368097.67,normal,-0.8783490256592222,-0.2532604175636022,-0.1145067328873473,1.0,0.0,0.0,0.0
484,67.0,232,2398.4,北京,4216039.07,normal,1.0745906895499275,-0.312439116435314,0.009450497840611884,0.0,1.0,0.0,0.0
485,46.0,58,445.46,上海,5178884.76,normal,-0.13163678160866496,0.06228454370910216,-0.3157742407606652,1.0,0.0,0.0,0.0
486,32.0,73,1851.87,上海,11479215.62,normal,-0.9357884290477266,2.5142693887365732,-0.08156360212546798,1.0,0.0,0.0,0.0
487,38.0,288,2272.68,上海,2514481.49,normal,-0.5911520087167002,-0.9746572589126156,-0.011485759359789887,1.0,0.0,0.0,0.0
488,50.0,40,616.07,广州,7222297.88,normal,0.09812083194535265,0.8575472233535648,-0.2873624141542339,0.0,0.0,1.0,0.0
489,65.0,5,1918.96,北京,1907243.76,normal,0.9597118827729187,-1.2109841668758086,-0.07039104807221508,0.0,1.0,0.0,0.0
490,48.0,210,1931.76,深圳,4448689.835,normal,-0.016757974831656152,-0.2218952763354551,-0.0682594533206629,0.0,0.0,0.0,1.0
491,75.0,69,632.99,广州,10802592.32,normal,1.5341059166579627,2.2509387614633773,-0.2845447123420259,0.0,0.0,1.0,0.0
492,71.0,14,356.82,深圳,6275034.5,normal,1.3043483031039451,0.48888794122667373,-0.33053553441516415,0.0,0.0,0.0,1.0
493,64.0,9,335.58,北京,5352465.31,normal,0.9022724793844142,0.1298392305103494,-0.3340726494560211,0.0,1.0,0.0,0.0
494,55.0,67,1195.72,广州,3713667.7,normal,0.3853178488878747,-0.5079537668858602,-0.19083281276851277,0.0,0.0,1.0,0.0
495,35.0,157,1520.83,深圳,4991659.01,normal,-0.7634702188822133,-0.010580629850830872,-0.13669197138748665,0.0,0.0,0.0,1.0
496,43.0,3,496.45,北京,4332797.09,normal,-0.3039549917741782,-0.26699882100685884,-0.30728283323084904,0.0,1.0,0.0,0.0
497,25.0,7,1126.18,深圳,3317649.06,normal,-1.3378642527672575,-0.6620776891378402,-0.20241336737967994,0.0,0.0,0.0,1.0
498,41.0,11,59700.9,上海,4251649.02,VIP,-0.41883379855118696,-0.29858031129120066,9.552083954935904,1.0,0.0,0.0,0.0
499,48.0,17,2034.88,深圳,4448689.835,normal,-0.016757974831656152,-0.2218952763354551,-0.05108679310347049,0.0,0.0,0.0,1.0
500,44.0,100,5176.48,上海,3348914.24,normal,-0.24651558838567375,-0.6499097968095544,0.4720864937306216,1.0,0.0,0.0,0.0
