purchase_count,avg_spend,days_since_last_purchase,membership_days,age,support_tickets,contract_type,is_churned
8,85.41,3.8,102,42,1,one_year,0
7,92.08,94.1,356,27,2,two_year,0
7,68.52,24.6,81,45,1,month_to_month,0
2,111.91,30.2,312,66,0,month_to_month,0
6,126.82,43.0,104,60,2,month_to_month,0
3,84.38,5.2,247,63,0,month_to_month,0
8,88.54,22.3,60,39,1,two_year,0
3,107.68,5.5,161,36,3,one_year,0
7,60.95,16.9,238,34,1,one_year,0
8,90.45,3.0,268,33,4,month_to_month,0
5,113.33,18.6,322,65,1,one_year,0
6,198.51,6.2,303,25,2,one_year,0
2,80.87,21.6,203,62,1,month_to_month,0
3,103.3,31.8,131,65,1,month_to_month,0
5,73.57,85.6,117,61,2,month_to_month,1
3,47.28,27.4,362,50,0,month_to_month,0
9,74.63,32.8,233,62,1,two_year,0
5,58.75,0.5,334,19,1,one_year,0
7,88.23,28.9,175,60,0,month_to_month,0
3,112.36,16.1,192,44,1,two_year,0
3,121.28,26.7,306,67,4,month_to_month,0
4,148.96,7.9,272,22,2,month_to_month,0
6,95.53,16.2,97,66,1,two_year,0
5,134.01,63.6,205,47,0,two_year,0
3,58.13,28.8,101,23,2,one_year,1
5,88.37,49.8,284,44,1,month_to_month,0
4,96.0,21.0,40,19,2,two_year,0
7,143.6,4.2,307,22,2,one_year,0
3,139.2,0.0,341,45,0,one_year,0
11,112.46,20.6,37,60,0,month_to_month,0
4,53.93,25.0,241,23,4,month_to_month,0
5,143.98,11.4,56,31,0,one_year,0
5,173.95,23.8,150,38,2,two_year,0
3,194.49,46.0,142,46,0,one_year,0
7,97.37,17.0,204,18,3,month_to_month,0
4,135.47,37.5,337,51,1,one_year,0
4,77.91,93.4,184,43,0,month_to_month,0
3,137.33,52.9,163,68,5,month_to_month,1
7,85.84,14.8,61,33,2,month_to_month,0
5,94.82,7.8,327,43,1,month_to_month,1
8,153.46,24.2,135,22,0,one_year,0
4,171.99,59.8,184,65,1,month_to_month,0
4,89.55,33.3,60,61,0,month_to_month,0
3,160.0,80.9,126,36,2,two_year,1
1,89.06,85.7,215,41,1,one_year,0
2,97.47,20.0,331,62,0,month_to_month,0
7,115.71,45.9,140,33,0,month_to_month,1
3,110.79,20.2,217,30,0,one_year,0
3,98.27,0.1,323,30,0,month_to_month,0
2,91.71,168.3,150,54,0,month_to_month,1
9,160.53,27.2,128,28,1,month_to_month,0
7,98.31,19.6,44,22,1,month_to_month,0
4,120.7,2.7,334,26,2,one_year,0
7,156.48,9.0,67,69,2,month_to_month,0
8,115.65,9.7,102,63,0,month_to_month,0
4,114.03,36.9,76,67,2,month_to_month,0
5,98.49,63.7,267,32,0,month_to_month,0
6,111.41,2.3,152,40,0,month_to_month,0
6,89.32,30.4,266,43,1,two_year,0
5,207.8,2.9,233,45,0,month_to_month,0
5,62.56,12.3,35,19,2,month_to_month,0
5,93.49,156.2,133,49,0,month_to_month,1
8,116.24,30.0,31,20,1,one_year,0
7,114.06,21.1,51,32,2,month_to_month,0
2,89.27,65.8,188,33,1,two_year,0
6,55.3,36.5,118,53,1,one_year,0
6,65.82,8.8,59,64,1,month_to_month,0
5,104.5,24.9,166,54,1,one_year,0
3,50.01,25.7,181,40,1,month_to_month,0
3,118.79,26.0,362,45,1,two_year,1
3,139.96,12.2,251,44,4,two_year,0
7,125.33,32.5,161,25,1,month_to_month,0
4,133.08,17.0,188,67,1,one_year,0
4,50.64,75.1,59,65,0,month_to_month,0
5,90.38,9.4,159,30,1,month_to_month,0
4,71.0,33.5,224,23,1,one_year,0
7,58.27,31.9,37,26,3,two_year,0
7,84.49,14.0,338,50,0,month_to_month,0
2,155.22,6.2,202,19,0,one_year,0
6,168.93,2.7,293,23,0,one_year,0
2,73.91,30.6,122,51,1,month_to_month,0
6,100.48,16.3,310,25,0,one_year,0
7,110.92,19.0,152,21,0,one_year,1
9,90.58,15.0,340,19,1,one_year,0
2,143.17,4.1,204,54,1,two_year,0
3,84.9,18.3,243,36,0,month_to_month,0
4,80.45,0.5,98,32,1,month_to_month,0
3,75.16,13.8,363,51,3,month_to_month,0
8,90.38,21.8,94,26,2,month_to_month,0
3,38.27,71.0,41,45,2,month_to_month,0
8,91.74,4.1,177,43,0,two_year,0
4,102.4,27.1,309,53,0,month_to_month,0
3,44.53,13.1,338,50,1,one_year,0
4,104.42,48.9,317,53,1,month_to_month,0
6,69.63,8.0,215,29,2,month_to_month,0
10,103.8,15.8,337,25,1,one_year,0
5,103.12,37.5,194,45,0,one_year,0
3,103.84,12.3,190,20,3,month_to_month,0
4,126.1,47.5,90,41,3,two_year,0
12,30.38,2.0,293,50,0,month_to_month,0
9,68.7,8.5,135,60,0,month_to_month,1
1,90.92,0.7,95,51,1,month_to_month,0
7,54.1,39.2,153,69,1,one_year,0
5,122.4,15.5,232,46,0,month_to_month,0
1,72.12,26.1,120,41,1,one_year,0
7,132.2,2.7,150,30,1,month_to_month,0
2,133.68,25.3,140,53,1,month_to_month,0
3,93.72,9.5,229,60,0,two_year,0
7,92.18,31.6,269,34,0,month_to_month,0
4,60.78,10.4,256,21,0,month_to_month,1
6,99.46,14.4,77,18,1,month_to_month,0
7,125.75,15.5,146,50,1,month_to_month,0
2,107.85,167.6,247,52,1,month_to_month,1
2,148.7,59.2,102,24,4,month_to_month,0
7,87.59,0.6,53,19,1,one_year,0
7,87.55,12.3,137,52,2,month_to_month,0
5,73.68,65.1,257,38,3,month_to_month,1
9,179.31,25.8,252,39,0,one_year,0
5,60.6,38.4,73,31,0,month_to_month,0
2,122.88,7.4,256,55,1,one_year,0
3,126.57,2.8,95,56,0,one_year,0
2,124.86,8.8,278,20,1,month_to_month,0
3,75.63,95.3,219,22,3,month_to_month,1
3,64.02,24.6,72,46,0,month_to_month,0
2,93.7,16.2,147,49,0,month_to_month,0
6,117.29,29.9,304,25,2,month_to_month,0
4,80.92,34.0,174,26,3,one_year,0
4,89.58,34.1,260,53,1,one_year,0
2,81.36,12.3,280,41,0,month_to_month,0
2,101.58,147.9,40,24,3,two_year,1
1,99.49,7.5,342,49,1,month_to_month,0
5,157.27,62.5,142,21,1,two_year,1
7,118.1,16.5,295,29,0,one_year,0
7,65.07,26.0,186,55,2,month_to_month,0
3,66.73,29.5,223,29,2,month_to_month,0
1,123.57,5.3,150,21,2,month_to_month,0
7,99.16,9.8,315,67,2,two_year,0
5,175.69,32.1,69,29,0,month_to_month,0
3,175.52,50.9,330,44,1,two_year,0
5,73.54,26.4,99,60,0,month_to_month,0
4,108.37,72.8,325,69,1,month_to_month,0
6,67.0,17.9,38,60,3,one_year,0
7,122.91,14.0,34,35,2,month_to_month,0
5,164.66,52.6,61,62,2,month_to_month,0
4,103.63,1.3,213,18,1,two_year,0
9,86.62,50.6,119,34,0,month_to_month,1
6,111.84,8.8,230,28,0,two_year,0
2,130.87,29.0,304,45,0,two_year,0
8,131.15,0.5,39,64,2,month_to_month,0
6,86.92,11.8,206,58,2,month_to_month,1
5,80.28,85.9,277,69,0,month_to_month,1
5,106.54,35.9,172,25,3,one_year,0
2,88.74,10.0,339,57,3,two_year,0
5,143.18,5.9,251,55,3,two_year,0
8,88.41,15.3,41,41,1,two_year,0
5,101.27,7.1,211,23,1,month_to_month,0
2,110.96,64.7,158,23,1,month_to_month,0
8,61.31,31.1,74,65,2,month_to_month,0
4,82.41,30.5,348,33,2,two_year,1
5,173.07,68.7,104,51,3,month_to_month,0
6,129.1,29.9,57,67,1,month_to_month,1
8,88.04,151.3,104,43,0,month_to_month,1
5,123.07,13.3,305,28,2,month_to_month,0
2,142.42,28.4,230,43,1,month_to_month,0
5,92.33,8.1,304,29,0,month_to_month,0
6,127.13,23.5,184,27,0,two_year,0
3,121.41,16.9,69,60,0,one_year,0
8,67.35,5.9,159,35,3,month_to_month,0
4,92.49,9.4,96,53,1,one_year,0
6,158.64,13.3,216,55,2,month_to_month,0
7,171.4,21.4,120,46,2,one_year,0
5,129.44,36.3,354,46,2,month_to_month,1
8,81.53,12.5,156,27,0,one_year,0
6,45.71,7.7,135,45,3,month_to_month,0
4,78.06,59.4,359,57,1,month_to_month,0
6,64.43,83.4,204,28,0,one_year,0
4,162.52,18.2,87,30,2,one_year,0
7,53.68,18.2,190,53,1,one_year,0
3,67.94,1.9,115,69,1,month_to_month,0
8,105.85,9.6,270,38,0,month_to_month,0
11,98.94,8.6,222,61,0,one_year,0
5,156.04,25.1,274,27,3,month_to_month,0
4,119.02,4.1,344,47,1,month_to_month,0
5,94.6,12.0,274,67,0,month_to_month,0
4,144.04,38.6,144,40,1,month_to_month,0
4,87.25,33.7,97,44,2,month_to_month,0
6,160.22,10.7,207,26,0,month_to_month,0
8,74.71,4.3,180,45,1,one_year,0
5,36.15,11.6,134,48,0,one_year,0
9,97.8,21.3,301,69,1,one_year,0
4,48.0,23.2,334,28,1,one_year,0
2,131.58,2.9,157,37,0,month_to_month,0
0,103.97,13.9,258,51,2,two_year,0
4,160.37,55.9,359,67,0,one_year,0
6,91.43,86.9,33,30,1,month_to_month,1
7,61.01,89.1,152,54,1,month_to_month,0
3,114.18,2.6,277,63,1,one_year,0
2,83.18,79.0,196,50,3,one_year,1
6,125.52,47.7,295,40,2,one_year,0
6,75.21,31.3,188,30,1,one_year,0
5,150.81,19.8,51,32,1,two_year,0
3,101.25,8.3,175,20,0,two_year,0
7,94.72,26.8,165,25,0,one_year,0
3,147.5,3.8,313,40,3,two_year,0
6,132.21,1.9,79,25,1,two_year,0
4,78.49,75.5,82,18,1,month_to_month,1
3,130.98,8.4,77,54,1,one_year,0
4,122.32,69.8,220,21,2,month_to_month,0
3,96.41,5.4,363,25,1,month_to_month,0
5,127.59,9.0,237,48,2,month_to_month,0
4,150.58,6.2,303,65,1,month_to_month,0
5,97.31,16.3,315,55,0,month_to_month,0
8,97.41,58.3,231,19,3,month_to_month,0
4,95.74,70.6,234,26,0,month_to_month,0
5,77.49,20.1,111,56,1,one_year,0
8,96.99,33.3,351,56,0,two_year,0
4,93.6,3.1,293,38,2,two_year,0
4,91.88,2.8,322,67,2,month_to_month,0
6,91.45,49.8,359,64,1,month_to_month,0
4,67.88,15.6,146,56,0,two_year,0
3,136.46,42.5,78,56,2,month_to_month,0
4,82.37,16.2,318,58,2,two_year,0
6,153.36,23.2,188,25,2,one_year,0
9,72.49,29.2,351,54,3,month_to_month,0
6,164.73,18.4,262,66,0,month_to_month,0
5,88.58,15.1,116,29,0,month_to_month,0
2,131.49,15.0,148,18,3,month_to_month,0
6,103.65,4.4,234,36,0,month_to_month,0
3,64.89,36.3,162,32,0,one_year,0
3,65.99,5.0,124,67,3,one_year,0
8,80.19,7.0,100,41,2,month_to_month,0
5,87.0,16.3,247,52,0,month_to_month,0
6,98.28,16.5,41,69,4,month_to_month,0
3,110.62,14.4,61,59,0,month_to_month,0
4,94.22,52.3,44,56,2,one_year,0
5,108.75,10.7,275,68,2,one_year,0
13,114.34,62.6,39,53,2,one_year,0
4,92.9,26.7,170,30,1,month_to_month,1
5,121.68,24.4,70,55,0,month_to_month,0
4,130.26,28.5,226,34,1,one_year,0
4,115.26,7.1,41,35,4,one_year,0
3,117.34,27.6,38,51,0,one_year,0
8,105.7,49.5,167,34,1,month_to_month,0
6,140.29,33.9,262,19,2,two_year,0
6,98.99,2.9,66,69,1,month_to_month,0
4,80.65,14.3,196,47,1,month_to_month,0
6,99.92,0.8,301,52,1,one_year,0
3,65.25,13.4,239,60,2,month_to_month,0
6,62.75,4.7,281,50,0,one_year,0
9,130.46,18.5,135,49,2,month_to_month,0
7,154.18,1.0,345,59,2,month_to_month,0
5,89.45,81.8,78,33,1,month_to_month,1
4,130.86,11.8,232,61,0,one_year,0
6,54.58,43.3,175,55,1,one_year,1
3,51.58,7.5,40,27,2,month_to_month,0
6,141.56,38.1,346,25,1,month_to_month,0
4,115.38,12.9,265,63,3,month_to_month,0
4,99.12,28.8,106,64,0,month_to_month,0
3,162.4,82.3,47,69,0,one_year,0
12,94.75,32.7,256,23,2,month_to_month,0
2,70.79,4.3,212,64,1,month_to_month,0
5,59.98,67.3,46,62,3,month_to_month,1
10,99.89,39.7,360,57,1,one_year,0
3,105.63,58.8,270,43,2,one_year,0
5,92.94,68.3,184,44,2,one_year,0
4,131.8,9.1,109,40,1,one_year,0
6,148.68,12.0,120,19,5,two_year,0
6,89.15,43.1,181,44,0,month_to_month,0
0,54.55,1.7,49,30,3,two_year,0
3,108.95,11.4,153,28,0,one_year,0
5,141.19,13.0,102,20,0,month_to_month,0
4,89.27,60.4,67,41,1,one_year,1
9,117.33,85.5,72,20,1,one_year,0
4,69.15,4.8,145,62,1,one_year,0
6,108.12,20.6,158,64,3,month_to_month,0
5,118.01,39.4,147,59,2,month_to_month,0
7,109.07,12.5,261,33,1,two_year,0
4,176.38,22.8,204,26,0,month_to_month,0
9,153.56,7.8,94,44,2,month_to_month,0
3,123.99,43.6,355,53,0,month_to_month,0
8,136.89,42.6,274,19,3,month_to_month,0
10,107.88,16.9,187,62,3,one_year,0
8,97.75,12.9,46,40,4,one_year,0
4,86.29,9.3,336,60,1,two_year,0
4,68.68,2.2,279,22,1,month_to_month,0
3,155.9,24.3,184,40,0,month_to_month,0
5,178.71,62.4,84,41,2,month_to_month,1
5,100.65,3.9,66,20,0,month_to_month,0
5,101.19,15.8,127,54,1,one_year,0
7,119.56,64.0,107,66,2,month_to_month,0
5,94.89,50.5,100,46,1,month_to_month,0
2,71.43,38.9,166,38,3,two_year,0
2,64.64,0.5,45,51,1,one_year,0
8,176.57,33.7,138,36,0,month_to_month,0
5,57.02,10.6,321,36,0,one_year,0
5,110.37,43.0,320,57,0,month_to_month,0
3,59.36,7.6,32,48,0,two_year,0
7,96.36,0.1,257,31,1,one_year,0
5,89.01,21.0,362,39,3,month_to_month,0
3,62.38,10.2,223,61,1,month_to_month,0
7,120.88,26.4,160,45,1,month_to_month,0
6,69.85,9.8,194,21,4,one_year,0
7,59.76,44.9,101,62,4,month_to_month,1
2,125.09,20.7,163,56,1,one_year,0
4,89.13,8.8,343,31,0,month_to_month,0
4,77.88,37.9,235,68,1,month_to_month,1
9,127.54,71.4,174,67,1,month_to_month,0
6,68.73,68.3,71,69,3,month_to_month,0
7,55.02,114.2,333,37,0,month_to_month,1
9,145.43,35.4,84,66,1,one_year,0
4,168.17,28.4,271,59,3,two_year,0
6,95.55,2.4,131,63,2,month_to_month,0
4,35.11,7.6,123,46,1,one_year,0
2,95.15,10.9,87,32,1,month_to_month,0
5,129.87,23.1,155,29,2,one_year,0
3,140.66,51.8,256,68,1,month_to_month,0
6,71.18,18.3,169,44,0,one_year,0
5,90.5,8.6,38,66,0,month_to_month,0
3,107.65,15.0,118,46,0,month_to_month,0
7,127.46,1.1,83,45,6,one_year,0
2,123.13,9.1,164,21,0,month_to_month,0
4,116.85,1.3,332,38,2,month_to_month,0
3,140.54,21.9,352,46,1,month_to_month,0
7,97.7,78.6,364,23,1,two_year,0
5,156.37,16.4,67,26,2,month_to_month,0
3,83.24,42.1,193,48,0,month_to_month,0
7,123.75,35.0,45,30,3,two_year,0
6,87.0,29.0,195,54,2,one_year,0
7,95.99,53.9,223,41,1,month_to_month,1
3,100.73,25.3,289,39,1,one_year,0
7,85.46,29.3,142,24,1,month_to_month,0
5,142.53,12.5,42,39,4,month_to_month,0
2,88.33,40.8,182,46,1,month_to_month,1
4,99.11,6.4,173,47,2,one_year,0
2,119.13,37.5,239,32,0,one_year,0
3,201.8,115.4,63,19,2,month_to_month,1
6,120.51,9.1,235,66,0,month_to_month,0
2,101.85,40.7,164,67,1,month_to_month,0
4,52.05,42.3,277,65,1,month_to_month,0
7,95.19,2.2,359,33,1,month_to_month,0
5,80.71,33.6,106,49,2,one_year,1
6,90.12,21.5,282,25,1,month_to_month,0
3,86.43,19.0,72,65,0,two_year,0
5,118.75,62.5,359,18,0,month_to_month,0
8,94.56,11.6,191,42,3,month_to_month,0
2,74.7,115.6,279,62,0,month_to_month,0
4,131.61,21.4,290,55,0,one_year,0
7,66.47,2.4,233,62,4,month_to_month,0
3,100.38,2.9,158,43,1,month_to_month,1
3,95.41,51.7,282,22,1,month_to_month,1
8,111.39,43.6,189,18,1,one_year,0
3,141.02,36.1,250,25,0,two_year,0
3,212.48,2.7,235,20,1,month_to_month,0
2,101.83,30.3,185,41,2,month_to_month,0
4,80.3,165.8,69,20,0,month_to_month,1
2,77.89,43.1,128,27,0,month_to_month,1
9,77.78,8.6,344,39,2,two_year,0
6,110.1,44.9,204,56,1,month_to_month,0
4,48.27,2.1,243,53,0,one_year,0
6,65.2,11.0,116,21,0,two_year,0
2,110.13,71.5,266,64,2,one_year,0
6,133.71,46.4,193,46,2,month_to_month,0
4,133.97,45.1,103,36,0,one_year,0
9,103.33,31.7,78,37,1,month_to_month,0
6,128.16,60.8,162,62,2,month_to_month,0
5,141.82,10.3,219,42,1,two_year,0
6,87.91,82.9,123,30,1,month_to_month,0
5,137.12,46.6,112,40,1,month_to_month,0
6,58.23,2.7,120,21,1,month_to_month,0
6,64.63,50.3,128,25,1,month_to_month,0
4,89.56,25.1,277,34,0,one_year,0
7,55.86,24.6,197,29,3,one_year,0
4,119.37,51.1,187,36,1,one_year,0
4,83.81,13.3,84,21,2,month_to_month,0
8,95.72,2.4,212,49,2,month_to_month,0
6,32.61,97.2,352,23,1,month_to_month,0
2,96.84,97.2,279,29,2,month_to_month,1
9,88.86,44.8,179,68,2,one_year,0
5,77.63,46.3,132,18,1,one_year,1
3,117.54,48.5,148,32,1,two_year,0
7,83.25,147.8,38,44,0,one_year,1
3,96.44,2.7,39,33,1,month_to_month,0
0,111.74,1.5,290,34,0,one_year,0
8,141.43,9.6,312,24,0,one_year,0
5,137.8,27.1,354,40,3,two_year,0
4,85.57,43.1,239,57,1,month_to_month,0
2,76.36,22.1,341,48,2,one_year,0
4,150.68,33.6,169,66,1,month_to_month,0
6,83.11,17.9,115,54,1,one_year,0
5,116.04,19.3,112,59,4,two_year,0
3,54.9,13.8,109,40,2,two_year,0
4,47.85,28.0,279,49,0,month_to_month,0
1,101.79,4.0,33,48,0,month_to_month,0
8,92.33,2.5,346,60,0,one_year,0
6,125.37,20.8,289,44,2,one_year,1
5,77.91,13.1,157,39,1,two_year,0
5,109.08,13.2,265,21,1,month_to_month,0
4,123.23,69.5,75,62,0,one_year,0
3,78.9,165.7,174,40,0,one_year,1
5,89.53,28.8,66,59,1,month_to_month,0
4,68.59,5.2,67,53,1,month_to_month,0
8,126.81,46.0,32,18,0,one_year,0
7,118.02,24.6,296,51,1,month_to_month,0
4,120.82,42.6,279,43,4,one_year,0
5,92.21,30.2,329,30,3,one_year,0
11,117.38,3.5,358,31,2,month_to_month,0
5,37.91,31.8,353,51,2,month_to_month,1
3,94.78,31.0,362,22,1,two_year,0
8,159.04,108.8,35,49,0,one_year,0
5,99.22,71.9,292,62,3,one_year,0
7,135.22,130.5,272,22,0,one_year,0
4,92.37,85.6,84,18,2,one_year,0
5,147.83,3.7,75,21,1,two_year,0
6,76.3,2.0,357,55,2,one_year,0
6,113.39,62.7,325,62,3,month_to_month,0
3,80.98,45.7,139,69,5,month_to_month,1
7,107.59,2.9,55,19,0,month_to_month,0
4,83.23,4.3,141,43,2,one_year,0
3,99.1,37.9,31,20,5,month_to_month,1
4,87.01,17.8,260,37,1,one_year,0
10,121.84,40.8,157,34,0,two_year,0
4,114.89,12.9,46,49,3,month_to_month,0
5,80.09,8.6,358,65,2,month_to_month,0
4,79.37,98.2,306,59,1,one_year,1
6,74.22,11.9,333,21,3,month_to_month,1
2,69.65,71.9,364,30,0,one_year,0
6,124.45,11.6,34,32,1,month_to_month,0
3,72.91,0.1,289,31,2,month_to_month,0
9,110.42,0.4,293,36,0,one_year,0
3,84.67,21.1,291,49,0,month_to_month,0
4,133.96,36.1,118,56,0,month_to_month,0
6,171.62,3.1,160,66,1,month_to_month,0
7,34.58,14.3,341,54,0,month_to_month,0
4,75.99,16.8,52,33,1,two_year,0
7,84.23,16.5,244,27,3,month_to_month,0
9,93.21,47.0,295,37,0,month_to_month,0
2,91.41,14.7,297,59,2,month_to_month,0
6,64.34,26.4,230,69,4,month_to_month,0
9,172.8,24.2,286,38,3,month_to_month,0
10,92.46,14.6,334,27,2,one_year,0
5,114.73,4.0,286,18,3,month_to_month,0
6,115.84,10.4,68,22,0,one_year,0
7,59.7,0.1,111,51,2,month_to_month,0
6,88.56,17.4,132,48,1,month_to_month,0
8,124.44,34.3,144,51,1,month_to_month,0
4,150.93,28.8,150,19,3,one_year,0
7,89.15,62.9,103,40,1,two_year,0
4,63.2,24.7,258,27,3,month_to_month,0
4,81.99,8.7,66,35,0,two_year,0
5,87.95,7.9,293,50,4,month_to_month,0
5,86.91,39.2,250,32,1,one_year,0
5,74.25,3.5,351,52,2,one_year,0
5,61.04,3.2,32,33,1,month_to_month,0
5,68.38,95.8,128,44,3,month_to_month,1
2,82.21,20.2,330,41,1,month_to_month,0
8,123.78,19.1,195,37,0,one_year,0
3,138.61,30.4,217,24,2,month_to_month,0
8,102.51,69.6,39,47,1,two_year,0
5,69.0,54.2,285,69,0,month_to_month,0
3,83.69,20.0,114,51,0,two_year,0
7,48.58,39.8,352,56,1,month_to_month,0
10,151.88,20.3,155,59,1,one_year,0
3,79.59,67.7,93,19,0,month_to_month,0
3,111.68,33.6,228,59,0,month_to_month,0
3,135.45,27.8,189,30,0,month_to_month,0
7,165.51,29.0,187,52,2,one_year,0
8,128.12,4.0,348,69,1,month_to_month,0
7,86.73,69.7,152,64,1,one_year,1
5,116.4,90.9,163,39,1,two_year,1
3,163.47,6.0,239,61,2,month_to_month,0
8,79.35,1.6,87,50,1,month_to_month,0
4,60.06,16.3,307,24,3,month_to_month,0
5,74.43,14.6,107,30,1,month_to_month,0
2,113.93,27.7,110,67,4,month_to_month,1
2,87.44,6.3,33,65,1,one_year,0
3,96.19,11.9,144,64,1,month_to_month,0
3,119.96,21.0,225,37,0,month_to_month,0
2,73.91,3.1,266,34,1,one_year,0
3,94.69,6.1,331,59,1,month_to_month,1
6,83.23,42.1,290,19,2,one_year,0
6,161.27,3.5,137,64,3,two_year,0
6,126.83,92.2,306,49,2,month_to_month,1
4,87.63,32.9,95,50,1,month_to_month,0
4,86.08,59.7,100,40,1,one_year,0
2,167.34,5.8,149,68,1,one_year,0
7,162.73,12.2,210,56,1,one_year,0
5,113.69,50.2,98,20,1,one_year,0
2,97.59,18.0,331,45,3,month_to_month,0
4,64.72,121.2,120,62,0,month_to_month,1
7,74.64,39.9,161,21,1,one_year,0
2,63.14,134.6,232,56,1,one_year,1
6,137.2,8.3,174,30,0,one_year,0
4,65.04,81.9,165,44,1,month_to_month,1
8,85.73,4.6,359,63,0,one_year,0
5,51.58,53.9,176,43,0,month_to_month,1
3,58.13,25.9,67,19,5,month_to_month,0
8,121.71,0.8,274,19,0,month_to_month,0
6,108.15,0.5,266,56,1,month_to_month,0
3,98.71,37.5,103,66,1,one_year,0
8,86.23,7.1,314,33,0,month_to_month,0
5,55.7,6.1,161,66,1,one_year,0
4,82.58,85.9,80,41,0,month_to_month,1
3,92.89,4.6,87,21,0,month_to_month,0
4,119.07,16.4,269,45,1,month_to_month,0
8,134.74,10.6,102,68,0,month_to_month,0
6,122.93,49.2,187,31,0,one_year,0
4,107.95,61.8,275,67,1,month_to_month,0
5,98.23,17.2,315,51,0,month_to_month,0
5,104.57,40.7,194,38,2,month_to_month,0
9,80.83,6.2,333,54,0,month_to_month,0
5,100.89,71.6,131,38,0,month_to_month,0
8,92.72,1.6,322,22,1,two_year,0
3,189.48,54.4,113,63,3,month_to_month,0
8,105.41,23.2,51,37,3,month_to_month,0
7,47.26,25.3,272,47,4,two_year,0
4,84.78,47.4,283,56,1,one_year,0
3,89.5,8.6,340,22,2,month_to_month,1
6,128.2,30.3,338,55,0,one_year,0
4,109.63,22.0,64,36,2,two_year,0
5,107.88,28.2,238,46,2,month_to_month,0
6,146.36,15.2,265,41,0,month_to_month,0
3,162.99,3.2,231,58,1,two_year,0
2,121.65,66.2,36,27,0,one_year,0
8,86.83,25.8,45,23,2,two_year,0
4,87.66,13.9,254,39,1,month_to_month,0
5,29.29,37.8,316,24,0,two_year,0
0,140.18,6.8,90,30,0,month_to_month,0
5,87.58,87.8,45,52,0,one_year,0
4,96.12,3.1,165,60,1,two_year,0
1,84.2,24.8,135,54,1,month_to_month,0
5,68.62,91.0,359,34,0,month_to_month,0
8,184.35,91.9,340,60,0,one_year,0
2,96.33,8.7,216,39,2,one_year,0
6,153.16,1.8,348,27,0,month_to_month,0
1,87.95,16.3,106,57,2,two_year,0
5,79.58,6.2,362,44,0,month_to_month,0
6,118.36,18.2,179,37,0,month_to_month,0
3,134.56,6.9,189,52,0,month_to_month,0
7,137.36,1.0,46,55,2,two_year,0
7,92.49,8.9,89,29,1,month_to_month,0
2,122.26,95.1,95,24,1,one_year,0
4,82.32,4.0,193,44,1,month_to_month,0
2,100.48,9.9,93,20,0,two_year,0
4,89.67,16.2,64,51,0,one_year,0
9,85.37,38.7,232,40,3,month_to_month,0
3,101.8,55.5,322,29,1,month_to_month,0
2,68.04,25.5,53,49,3,month_to_month,1
4,130.98,90.2,217,37,2,month_to_month,1
8,85.48,6.9,351,38,1,one_year,0
3,128.99,61.0,165,29,2,one_year,0
3,72.57,18.4,91,53,1,month_to_month,0
2,85.39,40.3,56,64,1,one_year,0
5,67.96,3.8,343,50,1,month_to_month,0
2,67.15,24.3,165,30,1,month_to_month,0
1,75.62,31.9,65,61,0,month_to_month,0
8,72.93,45.5,320,24,1,month_to_month,0
3,68.15,161.2,298,33,0,one_year,1
6,98.32,79.5,265,19,1,month_to_month,0
4,117.62,18.9,58,62,0,one_year,0
4,119.57,12.2,57,20,2,month_to_month,0
1,54.34,14.9,103,46,0,one_year,0
7,89.49,108.4,83,27,0,month_to_month,1
6,86.69,7.1,208,29,0,month_to_month,0
3,147.22,122.8,161,49,2,month_to_month,1
4,90.57,40.6,286,59,0,month_to_month,0
9,95.73,13.6,63,18,1,month_to_month,0
6,60.51,65.1,273,26,1,month_to_month,1
3,74.99,11.4,342,32,0,one_year,0
8,59.31,38.9,73,67,1,month_to_month,0
4,100.3,17.1,248,21,0,one_year,0
3,148.75,22.2,200,27,1,one_year,0
6,75.81,42.5,61,38,0,month_to_month,1
3,90.8,32.0,128,34,2,one_year,0
7,73.07,0.6,293,20,1,month_to_month,0
3,80.25,14.8,321,46,3,one_year,0
3,100.97,20.3,153,49,2,one_year,0
8,171.1,6.2,65,27,1,one_year,0
0,146.34,32.0,112,53,4,month_to_month,0
5,160.17,16.9,312,20,5,one_year,0
3,129.36,39.0,220,56,0,month_to_month,0
7,90.43,0.2,174,31,1,month_to_month,0
9,86.54,88.0,34,29,0,month_to_month,0
9,75.96,9.6,292,28,1,month_to_month,0
0,40.37,15.7,185,63,1,one_year,0
8,89.97,16.7,212,44,0,two_year,0
1,149.44,9.4,312,53,0,month_to_month,0
13,148.89,16.7,218,28,1,one_year,0
5,192.0,18.0,340,20,1,one_year,0
4,103.32,0.1,217,19,1,two_year,0
3,64.69,13.3,144,40,2,one_year,0
5,115.16,1.2,339,34,1,month_to_month,0
5,171.73,36.2,245,57,0,month_to_month,0
6,155.85,32.3,284,58,4,one_year,0
7,83.42,27.2,105,34,1,month_to_month,1
10,66.64,21.1,254,40,0,two_year,0
4,66.04,23.7,217,37,0,two_year,0
4,77.48,67.6,65,53,1,two_year,0
9,81.17,7.0,115,50,0,month_to_month,0
4,88.3,26.4,335,51,1,one_year,0
7,119.97,122.8,221,20,1,one_year,0
2,87.34,18.0,289,35,2,month_to_month,0
3,99.05,7.4,87,68,0,month_to_month,0
7,57.99,13.3,102,35,2,month_to_month,0
8,75.99,15.1,345,27,1,month_to_month,0
5,74.88,16.3,170,28,0,two_year,0
4,54.86,4.6,327,19,1,one_year,0
3,86.65,21.7,300,58,2,month_to_month,0
3,58.13,32.9,142,18,0,month_to_month,0
5,84.73,3.5,348,48,3,month_to_month,0
3,101.47,6.1,290,38,2,month_to_month,0
3,150.28,13.5,72,22,3,month_to_month,0
6,73.68,31.5,61,63,1,one_year,0
4,100.57,7.0,72,56,1,one_year,0
6,79.18,13.2,278,60,0,one_year,0
2,57.1,48.8,77,66,1,two_year,0
3,150.85,83.4,124,65,1,month_to_month,0
4,102.92,10.7,175,54,1,one_year,0
5,113.29,6.7,75,45,1,month_to_month,1
1,158.89,12.1,140,54,1,month_to_month,0
5,84.6,30.9,257,41,0,month_to_month,1
8,63.64,2.6,355,27,1,month_to_month,0
13,73.35,1.0,187,38,0,month_to_month,0
8,61.78,119.7,280,42,1,month_to_month,1
6,137.02,1.7,207,20,1,month_to_month,0
4,173.97,27.7,186,62,4,two_year,0
3,101.12,57.0,204,65,3,month_to_month,0
6,121.05,14.7,351,39,0,month_to_month,0
4,131.11,0.4,49,43,1,two_year,0
12,162.4,34.6,201,61,1,one_year,0
6,171.52,3.9,47,41,1,month_to_month,0
5,50.69,5.1,323,53,0,two_year,0
2,79.89,21.9,231,44,0,month_to_month,0
6,97.5,22.1,45,32,4,month_to_month,0
3,76.8,94.8,238,59,3,month_to_month,1
6,89.01,1.9,175,28,0,month_to_month,0
3,110.96,15.1,45,29,1,one_year,0
7,43.79,83.1,357,53,0,month_to_month,0
7,110.0,3.3,156,54,2,one_year,0
5,129.74,49.6,37,67,0,one_year,0
10,98.19,4.1,235,54,1,two_year,0
4,41.72,18.6,155,19,0,month_to_month,0
5,86.65,32.3,249,62,3,month_to_month,0
3,107.51,8.0,84,39,1,two_year,0
6,132.71,7.0,307,18,2,one_year,0
2,126.53,22.1,170,48,0,month_to_month,0
2,93.98,10.2,170,26,0,month_to_month,0
3,78.23,51.6,299,39,0,one_year,0
8,95.36,33.6,213,42,0,one_year,0
6,53.17,0.5,30,21,0,one_year,0
3,80.64,8.5,223,62,1,two_year,0
10,140.56,13.1,246,44,4,month_to_month,0
7,95.27,6.8,134,68,0,month_to_month,0
6,108.96,53.8,90,42,1,one_year,0
6,60.94,87.6,48,48,0,two_year,1
5,132.42,3.7,313,60,0,month_to_month,0
2,92.46,12.1,31,29,1,one_year,0
4,107.79,3.0,225,65,1,month_to_month,0
6,115.19,5.6,310,27,1,month_to_month,0
6,130.84,60.1,147,69,2,two_year,0
3,102.57,8.6,97,51,1,month_to_month,0
3,93.14,34.5,269,44,2,month_to_month,0
4,65.27,14.5,241,28,0,one_year,0
2,59.14,68.4,34,47,0,month_to_month,1
5,101.92,3.7,223,46,0,month_to_month,0
2,108.01,10.3,30,69,0,one_year,0
6,113.63,19.0,163,61,0,month_to_month,0
1,73.83,10.6,131,43,4,one_year,0
3,80.88,28.9,309,38,0,month_to_month,0
5,101.34,7.9,357,38,1,month_to_month,0
4,84.09,43.3,263,37,3,one_year,0
3,197.48,8.3,276,18,1,month_to_month,0
3,80.34,92.2,37,19,0,two_year,1
6,110.36,40.4,51,57,0,two_year,0
8,125.31,31.9,290,31,0,one_year,0
7,127.77,10.6,173,39,1,month_to_month,0
5,83.63,1.4,199,54,0,month_to_month,0
11,115.37,15.3,261,49,2,two_year,0
4,110.83,9.0,146,36,1,month_to_month,0
6,116.95,0.9,258,57,1,one_year,0
1,100.92,29.4,273,26,1,one_year,0
5,125.59,48.5,110,42,1,month_to_month,0
7,104.7,11.8,259,23,1,month_to_month,0
4,62.75,1.4,86,45,0,one_year,0
6,103.71,0.8,134,22,2,one_year,0
6,107.55,123.2,291,66,0,month_to_month,1
8,122.77,76.1,359,52,2,one_year,0
8,101.96,4.9,51,30,0,one_year,0
9,163.72,36.8,247,49,1,month_to_month,0
6,94.17,9.1,220,36,0,month_to_month,0
3,82.26,0.5,232,44,1,one_year,0
6,146.48,20.8,293,26,2,one_year,0
1,93.36,10.0,53,44,3,two_year,0
3,98.98,6.9,277,23,0,month_to_month,0
6,107.56,13.0,123,25,0,two_year,0
9,104.72,6.4,81,48,1,one_year,0
9,116.65,6.6,179,44,0,one_year,0
2,120.47,6.9,39,33,1,month_to_month,0
5,79.94,3.2,241,21,3,month_to_month,0
3,67.02,1.0,219,40,2,month_to_month,0
5,69.56,16.0,201,66,2,month_to_month,1
2,141.19,31.6,40,54,0,month_to_month,0
4,90.93,0.8,285,21,1,two_year,0
3,124.95,32.2,41,66,2,month_to_month,0
3,121.51,18.6,117,40,2,two_year,0
4,98.97,0.1,162,47,4,month_to_month,0
4,73.48,3.5,265,18,1,one_year,0
3,122.45,5.1,166,34,0,month_to_month,0
9,97.91,6.4,303,58,1,one_year,0
2,65.66,22.6,343,35,2,one_year,0
4,84.32,6.0,286,26,2,two_year,0
2,57.59,12.6,43,22,2,month_to_month,0
9,85.57,76.6,288,66,1,month_to_month,0
8,100.59,134.2,99,60,2,two_year,1
4,94.64,21.6,327,20,1,month_to_month,0
4,91.09,6.7,357,66,3,one_year,0
5,100.26,7.3,58,60,0,month_to_month,0
4,114.43,14.8,63,36,0,month_to_month,0
7,128.12,14.2,263,52,0,one_year,0
6,133.61,8.0,78,31,1,one_year,0
2,77.09,66.0,354,30,2,one_year,0
8,137.82,17.7,210,55,0,month_to_month,0
2,97.96,18.4,222,28,1,one_year,0
5,87.94,113.1,318,36,1,two_year,0
3,70.23,29.0,102,36,1,month_to_month,0
3,40.61,54.1,216,25,0,month_to_month,0
7,111.91,17.7,364,61,1,month_to_month,0
4,110.56,67.1,37,53,0,one_year,0
8,81.9,8.0,88,62,1,month_to_month,0
5,82.66,0.3,78,45,0,one_year,0
4,93.55,50.0,142,27,0,month_to_month,0
5,87.46,8.9,73,32,0,one_year,0
6,75.98,27.4,87,36,1,one_year,0
5,67.77,20.9,315,66,2,month_to_month,0
5,138.31,4.3,185,30,1,month_to_month,0
4,84.18,8.1,149,54,0,month_to_month,0
6,110.36,99.5,170,24,0,month_to_month,1
2,117.11,92.9,355,67,1,month_to_month,0
3,112.09,20.7,194,51,2,one_year,0
0,119.11,10.2,187,40,1,month_to_month,0
4,111.69,32.3,340,35,2,month_to_month,0
3,79.46,56.3,42,36,2,month_to_month,0
2,89.0,88.8,190,29,0,month_to_month,0
7,137.11,7.2,280,49,1,two_year,0
2,83.41,8.5,202,63,5,month_to_month,0
6,98.0,2.5,320,30,1,month_to_month,0
5,114.59,0.7,327,56,1,month_to_month,0
3,152.88,10.3,142,47,1,two_year,0
6,133.17,2.5,303,58,1,one_year,0
5,72.55,34.6,111,58,1,month_to_month,0
4,109.26,12.6,110,20,2,one_year,0
8,105.32,7.2,357,19,1,one_year,0
5,89.25,25.4,34,65,1,one_year,0
4,98.9,25.6,148,26,3,month_to_month,0
3,79.22,9.3,240,47,1,one_year,0
4,93.03,30.2,168,57,3,one_year,0
5,83.65,86.3,313,44,1,month_to_month,0
3,101.22,64.1,114,18,2,month_to_month,1
4,88.22,2.3,215,18,0,month_to_month,0
9,156.68,13.4,71,52,0,month_to_month,0
4,102.27,40.6,100,64,0,month_to_month,0
4,96.18,54.8,88,35,2,one_year,1
3,91.48,9.1,278,46,1,one_year,0
5,88.3,52.4,97,66,4,month_to_month,1
1,65.67,24.6,254,60,0,month_to_month,0
5,124.85,65.0,145,46,2,one_year,0
5,146.55,25.0,219,52,1,month_to_month,0
4,83.26,66.1,322,67,0,month_to_month,0
5,136.88,4.9,319,59,1,one_year,0
3,196.79,109.9,33,39,3,month_to_month,1
12,171.9,1.9,292,54,2,month_to_month,0
4,144.44,47.3,350,35,1,one_year,0
9,68.22,3.4,253,65,1,one_year,0
6,67.98,71.6,92,22,0,month_to_month,0
4,118.93,3.4,252,29,2,one_year,0
6,98.3,28.6,243,35,0,two_year,0
3,49.65,20.3,251,28,0,month_to_month,0
4,86.21,7.7,173,48,1,one_year,0
4,117.28,62.5,205,55,1,month_to_month,0
0,93.44,19.5,248,64,3,month_to_month,0
2,98.45,28.2,185,44,2,month_to_month,1
7,67.94,10.0,289,50,0,month_to_month,0
4,85.87,83.4,267,49,0,month_to_month,1
5,119.08,31.3,131,18,2,one_year,0
6,84.57,16.7,234,54,0,month_to_month,0
2,140.39,31.4,283,19,3,two_year,0
3,99.15,39.7,194,46,4,month_to_month,0
3,111.78,7.1,269,69,2,one_year,0
9,118.24,45.8,72,58,1,month_to_month,0
9,116.77,6.9,159,44,2,month_to_month,0
3,71.91,31.0,265,34,0,one_year,0
2,75.81,6.7,329,61,1,one_year,0
6,49.36,6.3,246,62,1,month_to_month,0
5,88.91,22.5,252,37,2,month_to_month,1
3,74.05,10.2,144,23,2,one_year,0
6,83.8,0.9,264,48,0,one_year,0
4,91.73,48.9,149,50,1,month_to_month,0
3,103.12,141.4,47,66,1,one_year,0
3,93.88,37.8,112,64,0,month_to_month,0
4,93.34,81.2,234,29,1,month_to_month,0
7,109.04,41.6,352,31,2,one_year,0
8,97.12,146.0,196,69,0,two_year,0
4,127.72,17.3,318,34,1,month_to_month,0
1,97.22,23.2,290,41,1,month_to_month,0
2,153.19,14.2,217,33,0,month_to_month,0
9,71.02,104.7,299,38,0,one_year,0
3,88.42,21.1,164,47,0,month_to_month,0
4,79.66,68.4,178,33,1,month_to_month,1
5,104.35,3.5,276,39,1,month_to_month,0
8,71.0,9.5,244,36,2,two_year,0
3,128.32,26.6,206,23,1,month_to_month,0
6,61.12,13.2,175,58,1,one_year,0
6,75.11,9.8,356,64,1,month_to_month,0
6,62.46,14.7,52,43,2,month_to_month,0
1,92.1,7.0,48,28,0,month_to_month,0
5,103.03,56.8,190,51,2,month_to_month,0
3,58.31,11.3,41,45,1,month_to_month,0
5,86.74,30.7,144,46,0,month_to_month,0
3,133.06,4.9,220,48,2,month_to_month,0
6,145.06,52.7,165,55,3,month_to_month,0
5,122.01,10.1,98,20,1,month_to_month,0
7,43.38,14.9,125,23,5,month_to_month,0
6,100.17,52.4,232,22,2,month_to_month,0
6,137.94,8.2,348,26,0,month_to_month,0
7,84.07,54.9,291,68,2,one_year,0
6,66.01,9.7,213,55,3,two_year,0
3,134.64,13.0,76,52,1,one_year,0
8,140.87,67.8,111,54,0,month_to_month,0
5,96.91,4.1,177,19,0,two_year,0
7,66.2,14.0,112,29,0,two_year,0
5,56.03,12.9,260,59,0,month_to_month,0
10,107.58,30.9,152,42,1,month_to_month,0
5,79.87,23.9,309,44,0,one_year,0
4,95.05,24.2,120,57,3,two_year,0
1,91.95,28.5,196,21,0,one_year,0
2,73.89,36.1,269,59,3,one_year,0
5,55.1,107.2,99,53,1,one_year,0
6,84.75,46.8,285,38,2,two_year,0
3,101.37,11.1,226,43,0,month_to_month,0
4,102.83,6.8,246,21,0,month_to_month,0
5,78.31,18.2,182,28,0,one_year,0
6,139.95,30.4,343,30,2,month_to_month,0
5,68.22,37.3,288,63,1,month_to_month,0
4,40.05,20.2,94,23,2,month_to_month,0
9,129.73,21.7,216,33,4,month_to_month,0
4,100.38,15.0,332,24,1,month_to_month,0
1,84.98,13.6,123,32,1,one_year,0
3,111.87,31.4,209,18,0,month_to_month,0
5,90.28,15.5,282,32,0,one_year,0
5,60.88,21.4,121,55,2,month_to_month,0
5,62.51,59.0,203,57,1,two_year,0
5,66.7,95.2,215,37,1,one_year,0
3,88.5,0.6,89,54,0,two_year,0
6,81.56,24.4,89,50,3,month_to_month,0
6,128.79,9.9,218,64,1,month_to_month,0
5,80.42,35.3,89,59,2,one_year,0
8,78.92,2.0,347,29,1,one_year,0
9,75.79,25.0,205,48,1,month_to_month,0
5,73.84,6.1,266,58,2,one_year,0
6,74.57,24.1,162,33,0,one_year,0
5,63.63,1.8,130,47,1,month_to_month,0
3,101.67,16.5,192,38,2,one_year,0
5,92.59,1.4,268,34,1,month_to_month,0
4,91.41,20.0,163,28,0,month_to_month,0
3,57.06,74.5,124,19,0,two_year,0
8,108.89,7.4,78,56,3,month_to_month,0
3,112.22,8.6,211,60,4,one_year,0
1,150.78,34.2,257,51,5,one_year,0
6,110.35,70.5,206,30,3,two_year,0
5,160.56,34.6,115,18,0,month_to_month,0
4,77.75,45.6,112,50,1,month_to_month,1
2,153.41,1.6,156,28,4,month_to_month,0
0,111.45,13.9,146,46,0,one_year,0
4,107.13,9.6,98,68,5,month_to_month,0
3,90.7,0.9,345,18,2,one_year,0
9,84.87,43.6,140,48,0,month_to_month,1
4,79.54,40.7,113,69,0,month_to_month,1
3,155.11,1.8,233,35,0,two_year,0
2,89.82,82.1,298,60,1,one_year,1
5,112.06,10.8,185,61,1,month_to_month,0
2,119.57,33.9,253,43,2,one_year,0
2,119.04,25.1,61,33,0,month_to_month,0
2,101.81,36.3,208,53,4,one_year,0
3,152.48,2.6,52,50,1,month_to_month,0
5,109.35,26.2,76,42,1,month_to_month,0
4,78.93,12.2,228,28,1,month_to_month,0
4,86.08,2.2,98,56,0,month_to_month,0
4,58.05,4.7,42,28,0,one_year,0
3,105.18,20.7,89,24,1,month_to_month,0
8,114.95,17.1,288,21,1,month_to_month,0
3,118.01,18.8,226,41,1,month_to_month,0
12,111.45,10.6,157,24,2,month_to_month,0
6,90.8,29.4,356,35,0,one_year,0
8,95.97,2.2,159,30,0,month_to_month,0
4,96.06,8.8,323,41,1,one_year,0
4,128.93,30.3,145,58,2,two_year,0
5,51.08,81.6,38,41,1,month_to_month,1
5,83.12,16.7,66,46,0,one_year,0
4,69.47,15.7,121,25,0,month_to_month,0
2,172.06,6.0,92,23,0,month_to_month,0
7,136.86,54.4,82,68,0,month_to_month,0
6,84.18,19.7,158,50,3,month_to_month,0
4,61.59,28.8,356,18,2,month_to_month,0
4,66.76,6.7,97,47,1,month_to_month,0
11,128.38,19.4,108,18,2,one_year,0
8,57.52,8.7,363,22,1,month_to_month,0
5,96.45,55.4,97,37,0,two_year,1
6,121.79,16.7,308,52,1,month_to_month,0
3,64.77,31.1,237,50,0,one_year,0
8,96.13,40.0,340,59,0,month_to_month,0
3,84.61,0.1,216,27,4,month_to_month,0
3,81.25,14.1,228,27,1,month_to_month,0
5,77.06,16.4,105,45,1,two_year,0
5,124.92,30.4,222,63,3,two_year,0
6,145.96,8.0,254,55,0,month_to_month,0
11,88.61,14.0,360,52,1,one_year,0
4,107.27,21.0,62,22,0,one_year,0
9,96.81,26.0,82,63,3,one_year,0
5,53.13,64.0,36,69,1,month_to_month,1
3,87.55,15.9,294,48,0,one_year,0
3,49.91,3.8,57,35,2,one_year,0
4,82.45,53.0,336,52,1,month_to_month,0
4,95.32,8.7,152,51,1,month_to_month,0
5,118.75,56.9,126,66,2,month_to_month,0
0,104.31,8.8,356,23,2,two_year,0
6,125.92,0.7,271,44,0,month_to_month,0
6,73.25,21.1,213,54,2,month_to_month,0
3,140.0,84.0,327,36,2,month_to_month,1
3,146.01,15.0,282,61,0,one_year,0
6,49.13,6.1,243,21,0,one_year,0
5,56.49,5.6,137,23,2,month_to_month,0
4,94.63,52.2,360,59,2,month_to_month,0
5,80.57,31.6,270,24,1,one_year,0
9,84.38,16.2,346,39,3,month_to_month,0
1,104.02,1.9,353,32,1,month_to_month,0
9,127.49,25.7,214,53,1,two_year,0
2,72.07,51.5,149,18,2,month_to_month,0
6,134.08,2.4,347,36,1,month_to_month,0
3,76.64,9.3,364,69,2,month_to_month,0
4,179.76,25.9,70,37,1,one_year,0
2,140.33,60.8,243,49,3,one_year,0
8,79.03,137.8,231,69,3,month_to_month,1
7,62.02,55.2,280,49,0,one_year,1
4,78.48,28.6,356,57,0,two_year,0
7,75.18,11.8,114,67,2,one_year,0
6,114.18,8.7,356,50,0,month_to_month,0
4,49.52,0.1,245,61,1,month_to_month,0
5,56.7,16.6,57,44,1,two_year,0
4,113.18,37.0,201,60,0,month_to_month,0
4,74.19,15.9,74,51,2,month_to_month,0
3,82.77,44.4,350,35,1,month_to_month,0
4,121.62,73.7,285,47,2,one_year,0
7,129.27,11.1,333,35,1,month_to_month,0
2,138.17,21.4,231,38,1,month_to_month,0
5,118.44,16.0,162,33,1,one_year,0
5,89.87,11.8,173,43,1,month_to_month,0
4,87.58,61.3,347,36,1,month_to_month,0
9,84.47,14.5,80,50,1,month_to_month,0
6,64.84,9.7,326,37,0,month_to_month,0
1,71.17,101.8,171,43,1,two_year,0
4,132.41,48.0,227,25,1,month_to_month,0
5,76.47,1.3,253,38,3,one_year,0
4,64.97,5.2,57,36,1,month_to_month,0
6,135.88,2.2,79,67,2,month_to_month,0
6,59.43,0.4,83,41,1,month_to_month,0
4,102.07,268.8,290,19,2,month_to_month,1
1,45.61,46.6,55,34,3,month_to_month,0
9,156.22,24.2,234,55,2,month_to_month,0
10,150.77,54.1,66,26,1,two_year,0
6,66.72,15.9,287,26,2,month_to_month,0
5,92.72,152.4,357,37,1,two_year,0
2,69.54,15.7,168,36,3,month_to_month,0
6,69.35,18.2,101,43,0,month_to_month,0
7,83.72,29.1,179,19,2,one_year,0
4,115.21,68.1,261,55,1,month_to_month,1
12,115.42,2.8,273,29,1,month_to_month,0
7,110.99,21.5,243,54,1,month_to_month,0
7,89.78,36.7,224,47,0,month_to_month,0
6,117.33,1.2,241,28,2,one_year,0
4,64.67,12.4,102,42,2,month_to_month,1
4,102.57,29.0,99,19,0,two_year,0
6,96.26,48.0,341,54,2,month_to_month,0
6,88.13,78.4,224,33,2,month_to_month,0
7,103.79,13.4,318,37,1,month_to_month,0
4,48.1,47.6,239,26,3,month_to_month,0
3,69.96,138.2,182,36,1,two_year,1
4,112.34,50.6,221,38,0,one_year,0
7,95.49,38.7,261,29,0,month_to_month,0
3,58.35,2.9,92,68,0,month_to_month,0
4,94.82,42.1,184,32,1,one_year,0
6,80.82,0.3,272,27,0,month_to_month,0
3,133.46,0.1,59,46,1,month_to_month,0
5,66.13,42.5,54,34,0,month_to_month,0
3,66.86,1.1,83,41,0,month_to_month,0
2,107.85,9.6,228,55,0,month_to_month,0
6,90.89,57.5,109,22,3,month_to_month,0
4,89.54,1.4,176,44,2,two_year,0
6,180.12,4.1,74,19,1,month_to_month,0
7,116.44,23.7,113,20,1,two_year,0
4,86.05,121.7,35,22,0,one_year,1
7,56.04,33.9,300,26,1,month_to_month,0
